 ما هبت الصبا,0030CurwaIbnHizam.Diwan.ShamAY0037960-ara1.txt,"# فوالله لا أنساك ما هبت الصبا %~% وما غقبتها في الرياح جنوب 
",,,,,
 ما هبت الريح,0063AbuDihbilJumahi.Diwan.Sham19Y0149016-ara1.txt,"# 1 - لا يبعد الله عبد الله ليس له ... عندي مزايلة ما هبت الريح
",,,,,
 ما حنت النيب,0110JarirShacir.Diwan.Sham19Y0133412-ara1.txt,"# 1 أما صبير فإن قلوا وإن لوموا ... فلست هاجيهم ما حنت النيب
",,,,,
 ما دام يهتف,0110JarirShacir.Diwan.Sham19Y0133412-ara1.txt,"# 7 أما الفؤاد فليس ينسى ذكركم ... ما دام يهتف في الأراك هديل
",,,,,
 ما هتفت صدوح,0110JarirShacir.Diwan.Sham19Y0133412-ara1.txt,"# 10 فلا أنساك ما هتفت صدوح ... على الأفنان واختلف الأصيل
",,,,,
 ما دامت العين,0182MarwanIbnAbiHafsa.Diwan.ShamAY0037859-ara1.txt,"# وكم من يد عندي لمعن كريمة %~% سأشكرها ما دامت العين تطرف 
",,,,,
 ما لاح برق,0207Waqidi.FutuhSham.Shamela0012045-ara1.completed.txt,"# وابكي على الشهداء لا تغفلي. ... ما لاح برق أو تغنى حمام.
",,,,,
 ما ناح قمري,0207Waqidi.FutuhSham.Shamela0012045-ara1.completed.txt,"# وآله والصحب والاخوان. ... ما ناح قمري على الاغصان.
",,,,,
 ما هبت الري,0207Waqidi.Ridda.Shamela0012222-ara1.mARkdown.txt,"# 10- فعليك السلام ما هبت الري- %~% ح وما ناح فاقدات الحمام
",,,,,
 ما سال في,0209MacmarIbnMuthanna.SharhNaqaidJarir.Sham19Y0013609-ara1.txt,"# أما كليب فإن اللؤم حالفها ... ما سال في حفلة الزباء واديها
",,,,,
 ما هبت الصبا,0213IbnHisham.SiraNabawiyya.Shamela0023833-ara1.completed.txt,"# فو الله لا أنساك ما هبت الصبا ... بكاء وحزنا محضري ومسيري
",,,,,
 ما ناحت مطوقة,0224IbnMuhammadMadaini.Tacazi.Shamela0026863-ara1.txt,"# لأبكينك ما ناحت مطوقة ... وما سريت مع الساري على ساقي
",,,,,
 ما حدا الليل,0231AbuNasrBahili.SharhDiwanDhiRumma.Sham19Y0016545-ara1.txt,"# 45 - ألا لعن الإله بذات غسل ... ومرأة ما حدا الليل النهارا
",,,,,
 ما طلع النجوم,0245MuhammadIbnHabib.Muhabbar.Shamela0012205-ara1.mARkdown.txt,"# فلا والله أشربها حياتي %~% طوال الدهر ما طلع النجوم
",,,,,
 ما غنى الحمام,0246DicbilKhuzaci.WasayatMuluk.Shamela0000741-ara1.txt,"# نطيع ولا نعصي أخانا الهميسعا ... وأيمن ما غنى الحمام وسجعا
",,,,,
 ما لاح لي,0246DicbilKhuzaci.WasayatMuluk.Shamela0000741-ara1.txt,"# ما لاح لي درك العلا إلا ms20 بها ... وبها اهتديت إلى السبيل المهيع
",,,,,
 ما هبت الصبا,0255Jahiz.Hayawan.Shamela0023775-ara1.completed.txt,"# أعاتك لا أنساك ما هبت الصبا ... وما ناح قمري الحمام المطوق
",,,,,
 ما هبت الصبا,0255Jahiz.Hayawan.Shamela0023775-ara1.completed.txt,"# أعاتك لا أنساك ما هبت الصبا ... وما ناح قمري الحمام المطوق
",,,,,
 ما دام الليالي,0256ZubayrIbnBakkar.AkhbarMuwaffaqiyyat.Shamela0028453-ara1.completed.txt,"# فتالله هل كنا اختلفنا وأنتم %~% على النصر ما دام الليالي الغوابر
",,,,,
 ما دامت بنجد,0256ZubayrIbnBakkar.AkhbarMuwaffaqiyyat.Shamela0028453-ara1.completed.txt,"# فحقك ما دامت بنجد وشيجة %~% عظيم علينا ثم بعد على اليمن
",,,,,
 ما هبت الصبا,0256ZubayrIbnBakkar.AkhbarMuwaffaqiyyat.Shamela0028453-ara1.completed.txt,"# فبعدا لمن يبكيك ما هبت الصبا %~% وسحقا فقد لاقيت ليثا معاركا
",,,,,
 ما هبت الصبا,0256ZubayrIbnBakkar.JamharatNasabQuraysh.Shamela0026525-ara1.completed.txt,"# ولا أبرح البابين ما هبت الصبا ... بذي رونق قد أخلصته الصياقل
",,,,,
 ما دام الدجاج,0264AbuZurcaRazi.CilalWaSualat.Sham19Y0011402-ara1.txt,"# فمتعك الرحمن بالحلم والتقى ... وأبقاك ما دام الدجاج يقرقر
",,,,,
 ما حنت الأبل,0279Baladhuri.AnsabAshraf.Shamela0009773-ara1.mARkdown.txt,"# أعوذ بربي أن أعود لمثل ما %~% هممت به يا عمرو ما حنت الأبل
",,,,,
 ما غرد القمري,0279Baladhuri.AnsabAshraf.Shamela0009773-ara1.mARkdown.txt,"# ولا تملى بكاءك الدهر معولة %~% عليه ما غرد القمري بالسحر
",,,,,
 ما ناحت مطوقة,0280IbnTayfur.BallaghatNisa.Shamela0012848-ara1.txt,"# فسوف أبكيت ما ناحت مطوقة ... وما سرت مع الساري على ساقي
",,,,,
 ما هبت الصبا,0280IbnTayfur.BallaghatNisa.Shamela0012848-ara1.txt,"# سأرعى ليحيى الود ما هبت الصبا ... وان قطعوا في ذاك عمدا لسانيا
",,,,,
 ما ناحت مطوقه,0284Buhturi.Hamasa.Sham19Y0148535-ara1.txt,"# 8 - فسوف أبكيك ما ناحت مطوقه ... وما أضاءت نجوم الليل للساري
",,,,,
 ما ناحت مطوقة,0285IbnYazidMubarrad.KamilFiLugha.Shamela0008505-ara1.mARkdown.txt,"# أبكيك ما ناحت مطوقة %~% تحت الظلام تنوح في الغلس
",,,,,
 ما ناحت مطوقة,0285IbnYazidMubarrad.Tacazi.Shamela0021554-ara1.mARkdown.txt,"# فسوف أبكيك ms042 ما ناحت مطوقة ... وما أضاءت نجوم الليل للساري
",,,,,
 ما ناحت مطوقة,0285IbnYazidMubarrad.TacaziWaMarai.ShamIbadiyya0000610-ara1.txt,"# فسوف ms042 أبكيك ما ناحت مطوقة ... وما أضاءت نجوم الليل للساري
",,,,,
 ما حنت الني,0296IbnMuctazz.TabaqatShucara.Shamela0007867-ara1.completed.txt,"# غير أني أبكيك ما حنت الني ... ب وحثت عيرانة بقيود
",,,,,
 ما دامت الحقب,0296IbnMuctazz.TabaqatShucara.Shamela0007867-ara1.completed.txt,"# يا يوم مطلب أبكيت أعيننا ... بعد الدموع دما ما دامت الحقب
",,,,,
 ما هبت الصبا,0296MuhammadIbnJarrah.Waraqa.Shamela0000618-ara1.completed.txt,"# فو الله لا أنساك ما هبت الصبا ... وطول الليالي مادعا الله راغب
",,,,,
 ما دجت الليالي,0297IbnDawudZahiri.Zahra.Shamela0000738-ara1.txt,"# مضى وأقام ما دجت الليالي ... له مجد يجل عن المقاد
",,,,,
 ما ناحت مطوقة,0297IbnDawudZahiri.Zahra.Shamela0000738-ara1.txt,"# فسوف أبكيك ما ناحت مطوقة ... وما أضاء نجوم الليل للساري
",,,,,
 ما هبت الصبا,0297IbnDawudZahiri.Zahra.Shamela0000738-ara1.txt,"# على أنني أهواك ما هبت الصبا ... وما سكنت سلمى وأكنافها العفر
",,,,,
 ما هبت الصبا,0297IbnDawudZahiri.Zahra.Shamela0000738-ara1.txt,"# فوالله لا أنساك ما هبت الصبا ... وما أعقبتها في البحار جنوب
",,,,,
 ما دامت بنجد,0300IbnZakariyaHajari.Tacliqat.JK010664-ara1.txt,"# 1) - أحبك ما دامت بنجد شيجة ... ما سبكت أيلى بها تعار
",,,,,
 ما غنى الحمام,0300IbnZakariyaHajari.Tacliqat.JK010664-ara1.txt,"# 4) - فلن تردي ماء الطوى ولن تري ... أبانين ما غنى الحمام الهاتف
",,,,,
 ما دام الرمل,0302QasimCawfi.DalailFiGharibHadith.Shamela0009654-ara1.txt,"# لا يغلب النازع ما دام الرمل ... فإن أكب صامتا فقد خمل
",,,,,
 ما ناح الحمام,0310IbnCabbasYazidi.Amali.JK010748-ara1.txt,"# فلم أدر ما أجزيك غير نصيحتي ... وشكري ما ناح الحمام المغرد
",,,,,
 ما دامت الأرض,0310Tabari.Tarikh.Shamela0009783BK1-ara1.mARkdown.txt,"# لولا المهلب ما زرنا بلادهم ... ما دامت الأرض فيها الماء والشجر
",,,,,
 ما غردت في,0310Tabari.Tarikh.Shamela0009783BK1-ara1.mARkdown.txt,"# فلأشكرن جميل ما أوليتني ... ما غردت في الأيك ورق حمام
",,,,,
 ما لاح نجم,0310Tabari.Tarikh.Shamela0009783BK1-ara1.mARkdown.txt,"# سأبكيكم ما لاح نجم وغرد ms2247 ... الحمام ببطن الواديين وقرقرا
",,,,,
 ما حركت ريح,0321IbnDuraydAzdi.JamharatLugha.Shamela0007032-ara1.txt,"# (فاذهب فلا تنفك حامل لعنة ... ما حركت ريح غصون الغضور)
",,,,,
 ما حنت النيب,0322IbnAbiCawn.Tashbihat.JK010734-ara1.txt,"# ولا ضاربه معت ... به ما حنت النيب
",,,,,
 ما لاح كوكب,0325IbnIshaqWashsha.Muwashsha.Shamela0026102-ara1.completed.txt,"# عليك سلام الله ما لاح كوكب ... بأفق لساري الليل واستوسق البدر
",,,,,
 ما هبت الصبا,0325IbnIshaqWashsha.Muwashsha.Shamela0026102-ara1.completed.txt,"# عليك سلام الله ما هبت الصبا ... وما قرقر القمري في ورق السدر
",,,,,
 ما هبت شآمية,0327AbuCaliKawkabi.Akhbar.ShamAY0032845-ara1.txt,"# فلست أنساك ما هبت شآمية ... وما بدا علم في الآل معمور
",,,,,
 ما دامت العين,0328IbnCabdRabbihi.CiqdFarid.Shamela0023789-ara1.completed.txt,"# وكم من يد عندي لمعن كريمة ... سأشكرها ما دامت العين تطرف
",,,,,
 ما لاح نجم,0328IbnCabdRabbihi.CiqdFarid.Shamela0023789-ara1.completed.txt,"# والله ما أسلوكم أبدا ... ما لاح نجم أو بدا فجر
",,,,,
 ما ناحت مطوقة,0328IbnCabdRabbihi.CiqdFarid.Shamela0023789-ara1.completed.txt,"# إني سأبكيك ما ناحت مطوقة ... تبكي أليفا على فرع من النشم «2»
",,,,,
 ما نعب الغراب,0333AbuCarabTamimi.Mihan.Shamela0006706-ara1.completed.txt,"# (فقد ظل القتيل وصار وترا ... طوال الدهر ما نعب الغراب)
",,,,,
 ما هتف الهاتفات,0335Suli.AkhbarAbiTamam.Shamela0000515-ara1.completed.txt,"# أعقبك الله صحة البدن ... ما هتف الهاتفات في الغصن
",,,,,
 ما حنت الابل,0335Suli.AkhbarRadi.Shamela0010532-ara1.txt,"# [وأننى مقفل الضمائر من ... حب سواهم ما حنت الابل
",,,,,
 ما سرى الساري,0335Suli.AkhbarRadi.Shamela0010532-ara1.txt,"# لا يبرح السالك منهاجها ... منها بخير ما سرى الساري
",,,,,
 ما حنت الإبل,0335Suli.AshcarAwladKhulafa.Shamela0007822-ara1.completed.txt,"# وأنني مقفل الضمائر من ... حب سواهم ما حنت الإبل
",,,,,
 ما ناحت حمامة,0346Mascudi.MurujDhahab.JK010344-ara1.completed.txt,"# سأبكيك ما ناحت حمامة أيكة ... وما اخضر في دوح الحجاز قضيب
",,,,,
 ما حنت الإبل,0354IbnHibbanBusti.RawdatCuqala.Shamela0006944-ara1.completed.txt,"# تركته ترك قال لا رجوع له ... إلى مودته ما حنت الإبل ...
",,,,,
 ما دامت بنجد,0356AbuCaliQali.MaqsurWaMamdud.Sham19Y0020949-ara1.txt,"# أحبك ما دامت بنجد وشيجة ... وما ثبتت أبلى به وتعار
",,,,,
 ما دامت الريح,0362AbuFarajIsbahani.MaqatilTalibiyyin.Shamela0012404-ara1.completed.txt,"# لعمري لقد أغرى القلوب ابن طاهر ... ببغضائكم ما دامت الريح تنأج «2»
",,,,,
 ما غنت الأوراق,0363QadiNucman.ManaqibWaMathalib.EShia0086596-ara1.completed.txt,"PageV01P067 # فإن نسوه فإني لست ناسية %~% ما غنت الأوراق في الأغصان
",,,,,
 ما حنت الإبل,0365IbnFaqihHamadhani.Buldan.Shamela0011685-ara1.completed.txt,"# لا حفظ الله ذاك من رجل %~% ولا رعاه ما حنت الإبل
",,,,,
 ما سجا للعين,0365IbnFaqihHamadhani.Buldan.Shamela0011685-ara1.completed.txt,"# على بغداد دار اللهو مني %~% سلام ما سجا للعين طرف
",,,,,
 ما لاح في,0365IbnFaqihHamadhani.Buldan.Shamela0011685-ara1.completed.txt,"# ويملك القطر من حرشاء ساكنه %~% ما لاح في الجو نجم آخر الأبد
",,,,,
 ما لاح بالمعزاء,0370IbnBishrAmidi.MutalifWaMukhtalif.Shamela0010913-ara1.completed.txt,"# ما أنس لا أنساه آخر عيشنا ... ما لاح بالمعزاء ريع سراب
",,,,,
 ما هتف الهاتفات,0370IbnBishrAmidi.Muwazana.Sham19Y0026183-ara1.completed.txt,"# أعقبك الله صحة البدن %~% ما هتف الهاتفات في غصن
",,,,,
 ما حدا الليل,0375IbnHamzaBasri.Tanbihat.JK010226-ara1.txt,"# ألا لعن الإله بذات غسل ... ومرأة ما حدا الليل النهارا
",,,,,
 ما لاح بالمعزاء,0377IbnAhmadFarisi.SharhAbyat.Shamela0037492-ara1.txt,"# ما أنس لا أنساه آخر عيشتي ... ما لاح بالمعزاء ريع سراب
",,,,,
 ما سرى كوكب,0378IbnAhmadDarimi.Tuhaf.Shamela0005430-ara1.txt,"# عيشي بخير ما سرى كوكب ... وما دعا داع مع الفجر
",,,,,
 ما لاح في,0378IbnSalihQahtani.QasidaNuniyya.Shamela0007533-ara1.txt,"# صلى عليه الله خير صلاته ... ما لاح في فلكيهما القمران
",,,,,
 ما ناح قمري,0378IbnSalihQahtani.QasidaNuniyya.Shamela0007533-ara1.txt,"# صلى الإله على النبي محمد ... ما ناح قمري على الأغصان
",,,,,
 ما دار بالشهب,0379Zubaydi.TabaqatNahwiyyinWaLughawiyyin.Sham19Y0013235-ara1.txt,"# اسلم ومليت فينا أيها الملك ... ما دار بالشهب الدرية الفلك
",,,,,
 ما هبت الصبا,0379Zubaydi.TabaqatNahwiyyinWaLughawiyyin.Sham19Y0013235-ara1.txt,"# فوالله ما أنساك ما هبت الصبا ... ولأبكين في مشهدي ومسيري
",,,,,
 ما لاح في,0380Khalidiyyan.AshbahWaNazair.Shamela0010806-ara1.txt,"# ساد في ميعة الشباب وأبهى الز ... هر ما لاح في الغصون الرطاب
",,,,,
 ما هبت رياح,0384IbnCimranMarzubani.MucjamShucara.Shamela0026552-ara1.completed.txt,"# فرج أبا عبد المليك فإنه ... أخو العرف ما هبت رياح الشمائل
",,,,,
 ما غنى الحمام,0388AbuSulaymanKhattabi.GharibHadith.ShamAY0032379-ara2.txt,"# فلن تردي ماء الطوي ولن تري ... أبانين ما غنى الحمام الهواتف 1
",,,,,
 ما حن في,0388AbuSulaymanKhattabi.ShanDuca.Shamela0095700-ara1.txt,"# ولا زال ريحان الإله وروحه ... قرى روحه ما حن في الأيك صادح
",,,,,
 ما دامت الحقب,0390IbnZakariyaNahrawani.JalisSalih.JK010552-ara1.txt,"# يا يوم مطلب أصحبت أعيننا ... دمعا يدوم لها ما دامت الحقب
",,,,,
 ما ناحت مطوقة,0392IbnJinniMawsili.MuhtasabFiTabyin.Shamela0008660-ara1.txt,"# أبكي لفقدك ما ناحت مطوقة ... وما سما فنن يوما على ساق4
",,,,,
 ما سجعت هتوف,0392IbnJinniMawsili.TamamFiTafsirAshcarHudhayl.ShamAY0031951-ara1.txt,"# سجيس الدهر ما سجعت هتوف ... على فرع من البلد التهامى
",,,,,
 ما صاح في,0392IbnJinniMawsili.TamamFiTafsirAshcarHudhayl.ShamAY0031951-ara1.txt,"# فأقسم لا تنفك مني قصيدة ... تثبى لها ما صاح في الجو ناعب
",,,,,
 ما لاح برق,0393IbnWakicTinnisi.MunsifLiSariq.Shamela0031373-ara1.txt,"# ما لاح برق أو ترنم طائر ... إلا انثنيت ولي فؤاد شيق
",,,,,
 ما لاح كوكب,0393IbnWakicTinnisi.MunsifLiSariq.Shamela0031373-ara1.txt,"# سيحبى بك السمار ما لاح كوكب ... وتحدو بك السفار ما ذر شارق
",,,,,
 ما نفذ الدهر,0395AbuHilalCaskari.DiwanMacani.Shamela0006909-ara1.completed.txt,"# (مدائح تبقى بعد ما نفذ الدهر ... وتبهى بها الأيام ما اتصل العمر)
",,,,,
 ما دامت العين,0421IbnMuhammadMarzuqi.AmaliMarzuqi.Shamela0000722-ara1.completed.txt,"# ولم أنس من سعد بقصوان مشهدا ... ولا الأدمى ما دامت العين تطرف
",,,,,
 ما ناحت مطوقة,0429AbuMansurThacalibi.AhsanMaSamictu.Shamela0025011-ara1.mARkdown.txt,"# لأشكرنك ms20 ما ناحت مطوقة ... على الغصون فقد طوقتني مننا
",,,,,
 ما غنت مطوقة,0429AbuMansurThacalibi.IcjazWaIjaz.Shamela0023741-ara1.completed.txt,"# لأشكرنك ما غنت مطوقة ... على الغصون، فقد طوقتنا مننا
",,,,,
 ما غردت في,0429AbuMansurThacalibi.NathrNazm.Shamela0000623BK1-ara1.mARkdown.txt,"# لا زلت في شرف وعز دائم %~% ما غردت في الايك ورق حمام
",,,,,
 ما غنت مطوقة,0429AbuMansurThacalibi.ThimarQulub.Shamela0006896-ara1.mARkdown.txt,"# (لأشكرنك ما غنت مطوقة ... على الغصون كما طوقتنى مننا)
",,,,,
 ما هبت شمال,0429AbuMansurThacalibi.ThimarQulub.Shamela0006896-ara1.mARkdown.txt,"# (نحن ما هبت شمال ... بين جنات وريف)
",,,,,
 ما حنت النيب,0429AbuMansurThacalibi.YatimatDahr.Shamela0006743-ara1.completed.txt,"# (بقيت للدين والدنيا تسوسهما ... ما حنت النيب أو ما أورق السلم) //
",,,,,
 ما حنت النيب,0429AbuMansurThacalibi.YatimatDahr.Shamela0006743-ara1.completed.txt,"# (وإني وإن متعت بابني بعده ... لذاكره ما حنت النيب في نجد)
",,,,,
 ما دار القمر,0429AbuMansurThacalibi.YatimatDahr.Shamela0006743-ara1.completed.txt,"# (سهل الله له بغيته ... في ملوك الارض ما دار القمر)
",,,,,
 ما سجع الحمام,0429AbuMansurThacalibi.YatimatDahr.Shamela0006743-ara1.completed.txt,"# (لا زلت ما سجع الحمام وما ... نفح النسيم ونور الزهر)
",,,,,
 ما غنى الحمام,0429AbuMansurThacalibi.YatimatDahr.Shamela0006743-ara1.completed.txt,"# (فعليك ما غنى الحمام تحية ... ومع التحية نضرة ونعيم) // الكامل //
",,,,,
 ما لاح في,0429AbuMansurThacalibi.YatimatDahr.Shamela0006743-ara1.completed.txt,"# (بل إن علي الله وسع لم أزل ... أصلي له ما لاح في الجو بارق)
",,,,,
 ما ناحت الورق,0429AbuMansurThacalibi.YatimatDahr.Shamela0006743-ara1.completed.txt,"# (صلى الإله على المختار من رجل ... ما ناحت الورق فوق الأيك والفنن) //
",,,,,
 ما ناحت مطوقة,0429AbuMansurThacalibi.YatimatDahr.Shamela0006743-ara1.completed.txt,"# (لأشكرنك ما ناحت مطوقة ... على الغصون كما طوقتني مننا) // البسيط //
",,,,,
 ما هتفت يوما,0429AbuMansurThacalibi.YatimatDahr.Shamela0006743-ara1.completed.txt,"# (وصاحب لي لو حلت رزيته ... بالطير ما هتفت يوما على فنن)
",,,,,
 ما حنت النيب,0430AswadGhundijani.AsmaKhaylCarab.Sham19Y0120141-ara1.txt,"# وقرباها إني لن تمس يدي ... يدا ببيع لها ما حنت النيب
",,,,,
 ما حنت النيب,0430AswadGhundijani.AsmaKhaylCarab.Sham19Y0120141-ara1.txt,"# وقرباها إني لن تمس يدي ... يدا ببيع لها ما حنت النيب (¬4)
",,,,,
 ما دام الصبور,0430AswadGhundijani.AsmaKhaylCarab.Sham19Y0120141-ara1.txt,"# سأصبر ما دام الصبور يقابل ... وما كان فيه ذو دفاع يقاتل
",,,,,
 ما حنت النيب,0431IbnMuhammadZuzani.HamasatZurafa.Shamela0000752-ara1.txt,"# فاسمل أبا يوسف بالجود أعينهم ... أشكرك مجتهدا ما حنت النيب
",,,,,
 ما عشت أعياد,0431IbnMuhammadZuzani.HamasatZurafa.Shamela0000752-ara1.txt,"# فاسلم أبا جعفر عن كل نائبة ... فكل أيامنا ما عشت أعياد
",,,,,
 ما حدا الحادون,0436SharifMurtada.Diwan.ShamAY0037891-ara1.txt,"# وإليكم جمحاني %~% ما حدا الحادون نيبا 
",,,,,
 ما لاح فى,0436SharifMurtada.Diwan.ShamAY0037891-ara1.txt,"# فلا يغرنك وميض له %~% ما لاح فى الآفاق حتى انجلى 
",,,,,
 ما دام صبح,0444AbuCamrDani.UrjuzaMunabbiha.ShamAY0036794-ara1.txt,"# بعدد القطر وكل ما خلق ............... ما دام صبح ومساء وغسق
",,,,,
 ما لاح برق,0449AbuCalaMacarri.MucjizAhmad.JK010753-ara1.txt,"# ما لاح برق أو ترنم طائر ... إلا انثنيت ولي فؤاد شيق
",,,,,
 ما لاح كوكب,0449AbuCalaMacarri.MucjizAhmad.JK010753-ara1.txt,"# سيحيي بك السمار ما لاح كوكب ... ويحدو بك السفار ما ذر شارق
",,,,,
 ما ناحت مطوقة,0453AbuIshaqHusri.ZuhrAdab.Shamela0010768-ara1.txt,"# فسوف أبكيك ما ناحت مطوقة ... وما أضاءت نجوم الليل للسارى
",,,,,
 ما دام الحمام,0458IbnSidaMursi.MuhkamWaMuhit.Shamela0009757-ara1.txt,"# فوالله لا ألقى ابن عم كأنه ... نشيبة ما دام الحمام ينوح
",,,,,
 ما دام الزمل,0458IbnSidaMursi.MuhkamWaMuhit.Shamela0009757-ara1.txt,"# (لا يغلب النازع ما دام الزمل ... )
",,,,,
 ما سال في,0458IbnSidaMursi.MuhkamWaMuhit.Shamela0009757-ara1.txt,"# (أما كليب فإن اللؤم حالفها ... ما سال في حفلة الزباء واديها)
",,,,,
 ما هبت الريح,0458IbnSidaMursi.MuhkamWaMuhit.Shamela0009757-ara1.txt,"# (أبقت لنا وقعات الدهر مكرمة ... ما هبت الريح والدنيا لها وظف)
",,,,,
 ما جرى الدمع,0463IbnCabdBarr.BahjatMajalis.Shamela0000558-ara1.txt,"# وسلام عليك مني دأبا ... ما جرى الدمع قاطعا للسماء
",,,,,
 ما صاح ديك,0463IbnCabdBarr.BahjatMajalis.Shamela0000558-ara1.txt,"# إنني والله لا أكفركم ... أبدا ما صاح ديك في السحر
",,,,,
 ما لاح شيب,0463IbnRashiqQayrawani.CumdaFiMahasinShicr.JK010637-ara1.txt,"# سأعزف إن عزفت عن التصابي ... إذا ما لاح شيب بالغراب
",,,,,
 ما نفد الصبا,0463IbnRashiqQayrawani.CumdaFiMahasinShicr.JK010637-ara1.txt,"# تغمرت منها بعد ما نفد الصبا ... ولم يروا من ذي حاجة من تغمرا
",,,,,
 ما ناح طير,0464AbuBakrMaliki.RiyadNufus.Sham19Y0148883-ara1.mARkdown.txt,"# مني عليهم سلام الله متصلا %~% ما ناح طير السما أو حن أو غردا 
",,,,,
 ما هبت الصبا,0465IbnHawazinQushayri.LataifIsharat.Shamela0023629-ara1.txt,"# أيا قادما من سفرة الهجر مرحبا ... أناديك لا أنساك ما هبت الصبا
",,,,,
 ما هبت الصبا,0465IbnHawazinQushayri.LataifIsharat.Shamela0023629-ara1.txt,"# أيا قادما من سفرة الهجر مرحبا ... أناديك لا أنساك ما هبت الصبا
",,,,,
 ما سار نحس,0467IbnHasanBakharzi.DumyatQasr.Shamela0010665-ara1.txt,"# أو قابل الأفلاك طالع سعده ... ما سار نحس في نجوم سمائه
",,,,,
 ما لاح برق,0467IbnHasanBakharzi.DumyatQasr.Shamela0010665-ara1.txt,"# أنوح إذا ما لاح برق تأسفا ... وأندب إن ناح الحمام المطوق
",,,,,
 ما هبت الصبا,0467IbnHasanBakharzi.DumyatQasr.Shamela0010665-ara1.txt,"# على ساكني [1] الزوراء «1» ما هبت الصبا ... تحية مقروح الفؤاد حزين
",,,,,
 ما لاح برق,0468IbnAhmadWahidiNaysaburi.SharhDiwanMutanabbi.JK010754-ara1.txt,"# ما لاح برق أو ترنم طائر ... إلا انثنيت ولي فؤاد شيق
",,,,,
 ما لاح كوكب,0468IbnAhmadWahidiNaysaburi.SharhDiwanMutanabbi.JK010754-ara1.txt,"# سيحيى بك السمار ما لاح كوكب ... ويجدو بك السفار ما ذر شارق
",,,,,
 ما حام في,0476AclamShantamari.AshcarShucara.Shamela0005449-ara1.txt,"# ينادين: مات الجود معك فلا ترى ... مجيبا له ما حام في الجو حائم
",,,,,
 ما حام في,0476AclamShantamari.AshcarShucara.Shamela0005449-ara1.txt,"# ينادين: مات الجود معك فلا ترى ... مجيبا له ما حام في الجو حائم
",,,,,
 ما حام في,0476AclamShantamari.AshcarShucara.Shamela0005449-ara1.txt,"# ينادين: مات الجود معك فلا ترى ... مجيبا له ما حام في الجو حائم
",,,,,
 ما غنت مطوقة,0488IbnFutuhHumaydi.JadhwatMuqtabis.Shamela0005742-ara1.completed.txt,"# والله يبقيك ما غنت مطوقة ... وهزت الريح مخضرا من الشجر
",,,,,?
 ما سجع الحمام,0500AbuNasrMaqdisi.LataifWaZaraif.Shamela0010509-ara1.mARkdown.txt,"# صديقك من يعادي من تعادي %~% بطول الدهر ما سجع الحمام
",,,,,
 ما حن في,0510AbuKhattabKalwadhani.ManzumaDaliya.ShamAY0035409-ara1.txt,"~~(49) ... وأدام دولتهم علينا سرمدا ... ما حن في الأسحار كل مغرد) (¬1)
",,,,,
 ما سجع الحمام,0510CawtabiSuhari.Ansab.ShamIbadiyya0000248-ara1.txt,"# فقد أبنا بذلك شاكراه ... فلما أنساه ما سجع الحمام
",,,,,
 ما سرى كوكب,0510CawtabiSuhari.Ansab.ShamIbadiyya0000248-ara1.txt,"# ساشكره ما سرى كوكب ... وما احتك عود من المرخة
",,,,,
 ما سجع الحمام,0511SalmaSahari.Ansab.JK010491-ara1.txt,"# فقد أبنا بذلك شاكراه ... فلما أنساه ما سجع الحمام
",,,,,
 ما هبت الصبا,0515IbnQattac.DurraKhatira.Shamela0005424-ara1.completed.txt,"# فو الله لا أشكوك ما هبت الصبا ... ولو كثرت في الأحاديث والقال
",,,,,
 ما حدا الأظعان,0517IbnKhayyatShacir.Diwan.Sham19Y0148537-ara1.txt,"# فلا تزل الليالي ضامنات ... بقاءك ما حدا الأظعان حاد
",,,,,
 ما دجا غيهب,0517IbnKhayyatShacir.Diwan.Sham19Y0148537-ara1.txt,"# فبقيتما ما دجا غيهب ... وما ابيض صبح وما اخضر عود
",,,,,
 ما سجعت هتوف,0538JarAllahZamakhshari.AsasBalagha.ShamAY0034676-ara1.txt,"# ( سجيس الدهر ما سجعت هتوف ... على فرع من البلد التهامي )
",,,,,
 ما طلع الفجر,0538JarAllahZamakhshari.RabicAbrar.Shamela0010668-ara1.txt,"# فإن تكن الأيام فرقن بيننا ... فحي ابنة المري ما طلع الفجر
",,,,,
 ما دام الليالي,0548IbnQaysaraniShacir.Diwan.ShamAY0037840-ara1.txt,"# لها بين افواه الرواة تلاوة %~% تردد ما دام الليالي تردد 
",,,,,
 ما دام الحمام,0553BayanHaqqNaysaburi.BahirBurhan.Shamela0037538-ara1.txt,"# فوالله لا ألقى ابن عم كأنه ... نشيبة ما دام الحمام [ينوح]
",,,,,
 ما دامت الشهب,0555IbnQalanisi.Tarikh.Shamela0022799-ara1.completed.txt,"# ما دامت الشهب في الأفلاك دائرة ... وناحت الورق ليلا بين أغصان
",,,,,
 ما ناحت هتوف,0555IbnQalanisi.Tarikh.Shamela0022799-ara1.completed.txt,"# هدى الأيام ما ناحت هتوف ... ولاح بقفره بيض الأداحي
",,,,,
 ما هتفت هتوف,0555IbnQalanisi.Tarikh.Shamela0022799-ara1.completed.txt,"# مدى الأيام ما هتفت هتوف ... على غصن بغض النور ينمي
",,,,,
 ما لاح برق,0562IbnHamdun.TadhkiraHamduniyya.Shamela0010646-ara1.txt,"# لو كنت إلا مثل ما قال في ... بعض اسمه ما لاح برق وشيم
",,,,,
 ما ناحت مطوقة,0562IbnHamdun.TadhkiraHamduniyya.Shamela0010646-ara1.txt,"# فسوف أبكيك ما ناحت مطوقة ... وما أضاءت نجوم الليل للساري
",,,,,
 ما غنت حمامة,0564IbnNasrIbnDajajiHanbali.SafatMulah.Shamela0005355-ara1.txt,"# مدى الدهر ما غنت حمامة أيكة ... وما طرد الليل النهار المنورا
",,,,,
 ما لاح كوكب,0565IbnFunduqBayhaqi.TarikhBayhaq.Shamela0011758-ara1.completed.txt,"# عليك سلام الله ما لاح كوكب ... وناح حمام من حمائم هاتف
",,,,,
 ما غنى الحمام,0573NashwanHimyari.KhulasatSiyar.JK010763-ara1.txt,"# نطيع ولا نعصي أخانا هميسعا ... وأيمن ما غنى الحمام وسجعا
",,,,,
 ما غنى الحمام,0576AbuTahirSilafi.MucjamSafar.Shamela0005805-ara1.completed.txt,"# (فليهتفن بكل أرض منطقي ... بالشكر ما غنى الحمام الهتف)
",,,,,
 ما لاح في,0576AbuTahirSilafi.MucjamSafar.Shamela0005805-ara1.completed.txt,"# (وبقيت في عز ومجد سرمد ... ما لاح في الأفق السماك الأعزل) // الكامل //
",,,,,
 ما هبت الصبا,0581AbuQasimSuhayli.RawdUnuf.Shamela0006864-ara1.txt,"# فوالله لا أنساك ما هبت الصبا ... بكاء وحزنا محضري ومسيري
",,,,,
 ما دام صوت,0584IbnMusaHazimi.Amakin.Shamela0000122-ara1.completed.txt,"# سأبكي أخي ما دام صوت حمامة ... يؤرق في وادي البطاح حماما
",,,,,
 ما طال للدهر,0597CimadDinKatibIsfahani.Diwan.ShamAY0037901-ara1.txt,"# رزقت عمرا طويلا %~% ما طال للدهر عمر PageV01P144 
",,,,,
 ما حدا الأظعان,0597CimadDinKatibIsfahani.KharidatQasr.JK009370Vols-ara1.mARkdown.txt,"# فلا تزل الليالي ضامنات %~% بقاءك ما حدا الأظعان حاد
",,,,,
 ما حدر الصباح,0597CimadDinKatibIsfahani.KharidatQasr.JK009370Vols-ara1.mARkdown.txt,"# يرتاح ما حدر الصباح لثامه %~% أو ناح قمري على أغصانه 
",,,,,
 ما حنت النيب,0597CimadDinKatibIsfahani.KharidatQasr.JK009370Vols-ara1.mARkdown.txt,"# بقيت لنا ، ما حنت النيب ، قاهرا %~% عداك ، وما ضم الحجيج المعرف
",,,,,
 ما حنت النيب,0597CimadDinKatibIsfahani.KharidatQasr.JK009370Vols-ara1.mARkdown.txt,"# فالحمد لله حمدا لا انقضاء له %~% ما حنت النيب ، أو ما مدت الخلج 
",,,,,
 ما دام الزمان,0597CimadDinKatibIsfahani.KharidatQasr.JK009370Vols-ara1.mARkdown.txt,"# فليبقيا في ظل ملك دائم ال %~% إقبال ما دام الزمان بقاء
",,,,,
 ما دام جنح,0597CimadDinKatibIsfahani.KharidatQasr.JK009370Vols-ara1.mARkdown.txt,"# واعدد بكفيك أعيادا معاودة%~% ما دام جنح الدجى بالصبح يحتبك
",,,,,
 ما دامت الأجبال,0597CimadDinKatibIsfahani.KharidatQasr.JK009370Vols-ara1.mARkdown.txt,"# فاسلم لجودك ، يا ابن عم محمد %~% ما دامت الأجبال ذات شناظي 
",,,,,
 ما دامت الأرض,0597CimadDinKatibIsfahani.KharidatQasr.JK009370Vols-ara1.mARkdown.txt,"# عقود عهود المستضيء  وكيدة %~% أبت أنها ، ما دامت الأرض ، تفسخ 
",,,,,
 ما دامت الأرض,0597CimadDinKatibIsfahani.KharidatQasr.JK009370Vols-ara1.mARkdown.txt,"# واشرح لما كلفت صدرا ، وعش %~% ياذا النهى ما دامت الأرض !
",,,,,
 ما غرد الحمائم,0597CimadDinKatibIsfahani.KharidatQasr.JK009370Vols-ara1.mARkdown.txt,"# وابق ما غرد الحمائم شدوا %~% وشدا سائق الركائب حدوا
",,,,,
 ما غرد الحمام,0597CimadDinKatibIsfahani.KharidatQasr.JK009370Vols-ara1.mARkdown.txt,"# وابق ما غرد الحمام وما فك%~%أسير الغرام طيف تسرى 
",,,,,
 ما غرد القمري,0597CimadDinKatibIsfahani.KharidatQasr.JK009370Vols-ara1.mARkdown.txt,"# لا زلت في ذروة العلياء منفردا %~% بالنصر ما غرد القمري في فنن
",,,,,
 ما غردت في,0597CimadDinKatibIsfahani.KharidatQasr.JK009370Vols-ara1.mARkdown.txt,"# فعش ما غردت في الأيك ورق %~% وماء ما جرى في العود عادا 
",,,,,
 ما غنى الحمام,0597CimadDinKatibIsfahani.KharidatQasr.JK009370Vols-ara1.mARkdown.txt,"# واسعد كذاك بعيده وبعوده%~% في العز ما غنى الحمام الحمام وصوتا%~%
",,,,,
 ما لاح برق,0597CimadDinKatibIsfahani.KharidatQasr.JK009370Vols-ara1.mARkdown.txt,"# لا زلت ترقى في العلى %~% ما لاح برق فأضا 
",,,,,
 ما لاح برق,0597CimadDinKatibIsfahani.KharidatQasr.JK009370Vols-ara1.mARkdown.txt,"# ما لاح برق على وجه السحاب وما%~% رعى النصى على ظهر الفلاة لأ
",,,,,
 ما لاح فجر,0597CimadDinKatibIsfahani.KharidatQasr.JK009370Vols-ara1.mARkdown.txt,"# ما لاح فجر صوابه %~% كالشمس من خلف الغمامه
",,,,,
 ما لاح كيوانه,0597CimadDinKatibIsfahani.KharidatQasr.JK009370Vols-ara1.mARkdown.txt,"# خلافة بالدهر مقرونة %~% لا تنقضي ما لاح كيوانه
",,,,,
 ما لاح من,0597CimadDinKatibIsfahani.KharidatQasr.JK009370Vols-ara1.mARkdown.txt,"# تحن ليال من طوارق هجره%~%علي إذا ما لاح من وصله فجر 
",,,,,
 ما لاح نجم,0597CimadDinKatibIsfahani.KharidatQasr.JK009370Vols-ara1.mARkdown.txt,"# فلا عدمتكما ما لاح نجم %~% تحوطان الشريعة والأناما
",,,,,
 ما لاحت الشهب,0597CimadDinKatibIsfahani.KharidatQasr.JK009370Vols-ara1.mARkdown.txt,"# فاسلم ولا زلت محروس العلى أبدا %~% ما لاحت الشهب في داج من الظلم
",,,,,
 ما ناح الحمام,0597CimadDinKatibIsfahani.KharidatQasr.JK009370Vols-ara1.mARkdown.txt,"# فدمت تجر في فلك المعالي%~% ذيول العز ما ناح الحمام
",,,,,
 ما نار من,0597CimadDinKatibIsfahani.KharidatQasr.JK009370Vols-ara1.mARkdown.txt,"# فليبق غير منازع في ملكه %~% ما نار من حذر الضراء نفوز 
",,,,,
 ما هب الصبا,0597CimadDinKatibIsfahani.KharidatQasr.JK009370Vols-ara1.mARkdown.txt,"# وعاش ما هب الصبا%~% من رامة فذي طوى
",,,,,
 ما هبت الصبا,0597CimadDinKatibIsfahani.KharidatQasr.JK009370Vols-ara1.mARkdown.txt,"# تحية ربي كل يوم مجدد %~% على ربع ذات الخال ما هبت الصبا %~%
",,,,,
 ما هتفت قمرية,0597CimadDinKatibIsfahani.KharidatQasr.JK009370Vols-ara1.mARkdown.txt,"# فدم رفيع القدر ذا قدره %~% ما هتفت قمرية في فنن 
",,,,,
 ما هبت الصبا,0597IbnJawzi.AkhbarNisa.Shamela0021563-ara1.txt,"# سأرعى لعيسى الود ما هبت الصبا ... وإن قطعوا في ذاك عمدا لسانيا.
",,,,,
 ما هبت شآمية,0597IbnJawzi.AkhbarNisa.Shamela0021563-ara1.txt,"# فلست أنساك ما هبت شآمية ... وما بدا علم في الآل معمور
",,,,,
 ما لاح برق,0597IbnJawzi.BahrDumuc.Shamela0002506-ara1.txt,"# عليه تحية ما لاح برق ... وتاق لحبه قلب المعنى
",,,,,
 ما حن في,0597IbnJawzi.Muntazam.Shamela0012406-ara1.mARkdown.txt,"# وأدام دولتهم علينا سرمدا %~% ما حن في الأسحار كل مغرد
",,,,,
 ما دار القمر,0597IbnJawzi.Muntazam.Shamela0012406-ara1.mARkdown.txt,"# سهل الله له بغيته %~% في ملوك الأرض ما دار القمر
",,,,,
 ما هبت الصبا,0597IbnJawzi.Muntazam.Shamela0012406-ara1.mARkdown.txt,"# فو الله ما أنساك ما هبت الصبا %~% وما عقبتها في الرياح جنوب
",,,,,
 ما هبت صبا,0597IbnJawzi.Muntazam.Shamela0012406-ara1.mARkdown.txt,"# صلى ms4040 الإله عليه ما هبت صبا %~% وعلى بنيه الراكعين السجد
",,,,,
 ما حنت بغور,0597IbnMubarakBaghdadi.MuntahaTalab.JK010732-ara1.txt,"# أحبك ما حنت بغور تهامة ... إلى البو مقلات النتاج سلوب
",,,,,
 ما دامت العين,0597IbnMubarakBaghdadi.MuntahaTalab.JK010732-ara1.txt,"# لعمرك لا ينفك حبك فاعلمي ... جوى لازمي ما دامت العين تطرف
",,,,,
 ما دامت العين,0597IbnMubarakBaghdadi.MuntahaTalab.JK010732-ara1.txt,"# ولم أنس من سعد بقصوان مشهدا ... أو الأدمى ما دامت العين تطرف
",,,,,
 ما طاف الحمام,0597IbnMubarakBaghdadi.MuntahaTalab.JK010732-ara1.txt,"# فأقسم لا أنفك ما عشت شاكرا ... لنعماك ما طاف الحمام وغردا
",,,,,
 ما غنت بواد,0597IbnMubarakBaghdadi.MuntahaTalab.JK010732-ara1.txt,"# أحبك ما غنت بواد حمامة ms067 ... مطوقة ورقاء في هدب خضر
",,,,,
 ما غنى الحمام,0597IbnMubarakBaghdadi.MuntahaTalab.JK010732-ara1.txt,"# أعوذ بربي أن أرى الشام بعدها ... وعمان ما غنى الحمام وغردا
",,,,,
 ما هبت الصبا,0597IbnMubarakBaghdadi.MuntahaTalab.JK010732-ara1.txt,"# فنحن كذاك الدهر ما هبت الصبا ... نعود على جهالهم بالتحلم
",,,,,
 ما غنت مطوقة,0599IbnYahyaDabbi.BughyatMultamis.Shamela0000728-ara1.completed.txt,"# والله يبقيك ما غنت مطوقة ... وهزت الريح مخضرا من الشجر
",,,,,
 ما ناح نحت,0613CaliIbnZafir.BadaicBadaih.JK010565-ara1.txt,"# من منصفي ممن إذا ... ما ناح نحت لقبح نغمة
",,,,,
 ما هبت الصبا,0613CaliIbnZafir.BadaicBadaih.JK010565-ara1.txt,"# فإن شئت كان الصرم ما هبت الصبا ... وإن شئت لا يفنى التكارم والبذل
",,,,,
 ما غرد الطير,0619IbnNabih.Diwan.ShamAY0037842-ara1.txt,"# فعليه السلام ما غرد الطير %~% وغنى شاد ورجع حاد وقال يمدحه بقصيدة شجر فيها اسمه PageV01P138 
",,,,,
 ما غنى حمام,0619IbnNabih.Diwan.ShamAY0037842-ara1.txt,"# بقيت ما غنى حمام أيكة %~% في غلس الصبح وفي ظلامه وقال في صبي يهودي PageV01P172 
",,,,,
 ما سرى طيف,0623AbuQasimRafici.Tadwin.Shamela0007435-ara1.completed.txt,"# سلام الله والسقيا سجالا ... عليه ما سرى طيف وطافا
",,,,,
 ما غردت في,0623AbuQasimRafici.Tadwin.Shamela0007435-ara1.completed.txt,"# فليبقين بثغرهم آثارنا ... ما غردت في الأيك ورق حمام
",,,,,
 ما دام صوت,0626YaqutHamawi.MucjamBuldan.Shamela0023735-ara1.mARkdown.txt,"# سأبكي أخي ما دام صوت حمامة %~% تؤرق، في وادي البطاح، حماما
",,,,,
 ما دام يهتف,0626YaqutHamawi.MucjamBuldan.Shamela0023735-ara1.mARkdown.txt,"# أما الفؤاد فليس ينسى حبكم %~% ما دام يهتف في الأراك هديل
",,,,,
 ما سال في,0626YaqutHamawi.MucjamBuldan.Shamela0023735-ara1.mARkdown.txt,"# أما كليبا فإن اللؤم حالفها %~% ما سال في حفلة الزباء واديها
",,,,,
 ما سجا للعين,0626YaqutHamawi.MucjamBuldan.Shamela0023735-ara1.mARkdown.txt,"# على بغداد دار اللهو مني %~% سلام ما سجا للعين طرف
",,,,,
 ما غنى الحمام,0626YaqutHamawi.MucjamBuldan.Shamela0023735-ara1.mARkdown.txt,"# أعوذ بربي أن أرى الشام بعدها %~% وعمان ما غنى الحمام وغردا
",,,,,
 ما غنى الحمام,0626YaqutHamawi.MucjamBuldan.Shamela0023735-ara1.mARkdown.txt,"# فإن تهبطي برد الشريف ms1531 ولن تري %~% بعينيك ما غنى الحمام الصوادح
",,,,,
 ما لاح في,0626YaqutHamawi.MucjamBuldan.Shamela0023735-ara1.mARkdown.txt,"# ويملك القطر من حرشاء ساكنه %~% ما لاح في الجو نجم آخر الأبد
",,,,,
 ما هبت الصبا,0626YaqutHamawi.MucjamBuldan.Shamela0023735-ara1.mARkdown.txt,"# أهيم بقاع القدس ما هبت الصبا، %~% فتلك رباع الأنس في زمن الصبا
",,,,,
 ما هبت الصبا,0626YaqutHamawi.MucjamBuldan.Shamela0023735-ara1.mARkdown.txt,"# فو الله لا أنساك ما هبت الصبا، %~% وما اخضر من عود الأراك فنون
",,,,,
 ما هبت الصبا,0626YaqutHamawi.MucjamBuldan.Shamela0023735-ara1.mARkdown.txt,"# لباقي الهوى والشوق ما هبت الصبا، %~% وما لم يغير حادث الدهر حاليا
",,,,,
 ما هبت صبا,0626YaqutHamawi.MucjamBuldan.Shamela0023735-ara1.mARkdown.txt,"# أسكان عرشين القصور عليكم %~% سلامي ما هبت صبا وقبول
",,,,,
 ما حن في,0626YaqutHamawi.MucjamUdaba.Shamela0009788-ara1.mARkdown.txt,"# ولا زال ريحان الإله وروحه %~% قرى روحه ما حن في الأيك صادح
",,,,,
 ما لاح في,0626YaqutHamawi.MucjamUdaba.Shamela0009788-ara1.mARkdown.txt,"# بلى إن علي الله وسع لم أزل %~% أصلي له ما لاح في الجو بارق
",,,,,
 ما لاحت الشهب,0626YaqutHamawi.MucjamUdaba.Shamela0009788-ara1.mARkdown.txt,"# فاسلم ولا زلت محروس العلا أبدا %~% ما لاحت الشهب في داج من الظلم
",,,,,
 ما هبت الصبا,0626YaqutHamawi.MucjamUdaba.Shamela0009788-ara1.mARkdown.txt,"# أيا قادما من طوس أهلا ومرحبا %~% بقيت على الأيام ما هبت الصبا
",,,,,
 ما هبت الري,0634AbuRabicHimyari.Iktifa.Shamela0009770-ara1.completed.txt,"# فعليه السلام ما هبت الري %~% ح ومدت جنح الدجى أنوار
",,,,,
 ما هبت الصبا,0634AbuRabicHimyari.Iktifa.Shamela0009770-ara1.completed.txt,"# فو الله لا أنساك ما هبت الصبا %~% بكاء وحزنا محضرى ومسيرى
",,,,,
 ما لاح شارق,0636AbuCabdAllahIbnCaskar.Iclam.Sham19Y0014757-ara1.txt,"# ودم فوق هضب العز ما لاح شارق ... وفيض الندى من (بحر) (¬2) جودك ينبع
",,,,,
 ما طلع الفجر,0637IbnMustawfi.TarikhIrbil.Shamela0011746-ara1.mARkdown.txt,"# وتمنحك الدنيا بعز مخلد ... يدوم على علياك ما طلع الفجر
",,,,,
 ما غردت ورقاء,0637IbnMustawfi.TarikhIrbil.Shamela0011746-ara1.mARkdown.txt,"# ما غردت ورقاء في وقت الضحى ... تشكو الغرام على قضيب مورق
",,,,,
 ما لاح برق,0637IbnMustawfi.TarikhIrbil.Shamela0011746-ara1.mARkdown.txt,"# ما لاح برق وشدا طائر ... وما حدا في مهمه (ذ) حادى
",,,,,
 ما لاح سنا,0637IbnMustawfi.TarikhIrbil.Shamela0011746-ara1.mARkdown.txt,"# وابق للعلياء ما لاح سنا ... بارق أو جعجع الحادي بإبل
",,,,,
 ما هبت الصبا,0637IbnMustawfi.TarikhIrbil.Shamela0011746-ara1.mARkdown.txt,"# أيا قادما من سفرة الهجر مرحبا ... أنا ذاك لا أسلوك ما هبت الصبا
",,,,,
 ما لاح شارق,0639AbuBakrMalaqi.MatlacAnwar.Shamela0009271-ara1.txt,"# ودم فوق هضب العز ما لاح شارق ... وفيض الندى من بحر جودك ينبع
",,,,,
 ما حدا حاد,0642IbnNajjar.DhaylTarikhBaghdad.Shamela0023764BK3-ara1.completed.txt,"# ما حدا حاد بملمعه %~% وشدا القمري في سحره
",,,,,
 ما دام الزمان,0642IbnNajjar.DhaylTarikhBaghdad.Shamela0023764BK3-ara1.completed.txt,"# دم الفضل ما دام الزمان مساعدا %~% فما كل ما يأتي بما شئت آتيا
",,,,,
 ما هبت النسيم,0642IbnNajjar.DhaylTarikhBaghdad.Shamela0023764BK3-ara1.completed.txt,"# وأق ما هبت النسيم فأضحت %~% قضب البان لدنة الأعطاف
",,,,,
 ما لاح بالمعزاء,0643IbnYacish.SharhMufassal.Sham19Y0013301-ara1.txt,"# 1355 - ما أنس لا أنساه آخر عيشتي ... ما لاح بالمعزاء ريع سراب
",,,,,
 ما لاح فى,0646IbnQifti.InbahRuwat.Shamela0010525-ara1.completed.txt,"# وعشت ما ناح قمرى على فنن ... ودمت ما لاح فى جنح الدجى قمر
",,,,,
 ما ناح قمرى,0646IbnQifti.InbahRuwat.Shamela0010525-ara1.completed.txt,"# وعشت ما ناح قمرى على فنن ... ودمت ما لاح فى جنح الدجى قمر
",,,,,
 ما هبت الصبا,0646IbnQifti.InbahRuwat.Shamela0010525-ara1.completed.txt,"# فو الله لا أشكوك ما هبت الصبا ... ولو كثرت فى الأحاديث والقال
",,,,,
 ما هبت الريح,0650IbnMuhammadRadiDinSaghani.CubabZakhir.Shamela0000761-ara1.txt,"# أبقت لنا وقعلت الدهر مكرمة ... ما هبت الريح والدنيا لها وظف
",,,,,
 ما لاح كوكب,0650RashidDinDimashqi.MashyakhaBaghdadiyya.Shamela0009389-ara1.txt,"# فلا زال في الإقبال ما لاح كوكب ... وما هب ريح في جنوب وشمأل
",,,,,
 ما سجع الهاتفات,0651Bunasi.KanzKuttab.Sham19Y0013666-ara1.txt,"# لا زال في عزة وفي شرف ... ما سجع الهاتفات في فنن
",,,,,
 ما غرد الورق,0651Bunasi.KanzKuttab.Sham19Y0013666-ara1.txt,"# بلا انقضاء ولا عد ولا أمد ... ما غرد الورق أو ما أورق الشجر PageV01P478 # وبعده صلوات الله عاطرة ... على الصحابة تتلو زمرة زهر
",,,,,
 ما لاح نجم,0651Bunasi.KanzKuttab.Sham19Y0013666-ara1.txt,"# والله لا أنساكم أبدا ... ما لاح نجم أو بدا فجر
",,,,,
 ما حدا حاد,0654IbnShaccarMawsili.Qalaid.Sham19Y0020990-ara1.txt,"# فدم ما حدا حاد إليك وما شدت ... على فنن قمرية ودعت ورقا
",,,,,
 ما دام الشباب,0654IbnShaccarMawsili.Qalaid.Sham19Y0020990-ara1.txt,"# يوفون بالعهد ما دام الشباب لنا ... غضا وما مسنا الإملاق والعدم
",,,,,?
 ما دام الضياء,0654IbnShaccarMawsili.Qalaid.Sham19Y0020990-ara1.txt,# فدم وابق ما دام الضياء واقبل ال ... مساء وأولتنا السماء حياها,,,,,
 ما دام بالأيك,0654IbnShaccarMawsili.Qalaid.Sham19Y0020990-ara1.txt,"# يا نخبة الإسلام يا خير الورى ... أصبحت للدين القويم مشيدا PageV01P349 # /231 ب/ فاهنأ بجمع الشمل عشت مؤيدا ... ما دام بالأيك الحمام مغردا
",,,,,
 ما دامت الأرض,0654IbnShaccarMawsili.Qalaid.Sham19Y0020990-ara1.txt,"# هنيت بالناصر الثاني ودمعت له ... ما دامت الأرض تعلوها السماوات
",,,,,
 ما دجا الدجى,0654IbnShaccarMawsili.Qalaid.Sham19Y0020990-ara1.txt,"# على الشمس منا رحمة ما دجا الدجى ... وما حان من شمس النهار أفول
",,,,,
 ما سار ركب,0654IbnShaccarMawsili.Qalaid.Sham19Y0020990-ara1.txt,"# لا زلت .... في ذرى العلياء في نعم ... ما سار ركب وحث النوق حاديها
",,,,,
 ما سارت الإبل,0654IbnShaccarMawsili.Qalaid.Sham19Y0020990-ara1.txt,"# يا شرف الدين منتهى أملي ... دم في سرور ما سارت الإبل
",,,,,
 ما سارت الركاب,0654IbnShaccarMawsili.Qalaid.Sham19Y0020990-ara1.txt,# لازال في نعمة تهمي أنامله ... بالجود ما سارت الركاب في الغسق,,,,,
 ما سبح الله,0654IbnShaccarMawsili.Qalaid.Sham19Y0020990-ara1.txt,"# وصل وصل واسم وأسلم في بلهنية ... ما سبح الله في الإبكار والاصل
",,,,,
 ما سجع الطير,0654IbnShaccarMawsili.Qalaid.Sham19Y0020990-ara1.txt,"# ما سجع الطير فوق غصن ... مغردا والحيا يجود
",,,,,
 ما سجع الطير,0654IbnShaccarMawsili.Qalaid.Sham19Y0020990-ara1.txt,# ما سجع الطير في الأراك وما ... رجع خلف الركاب غريد,,,,,
 ما سجعت حمام,0654IbnShaccarMawsili.Qalaid.Sham19Y0020990-ara1.txt,"# ودم في المجد ما سجعت حمام ... بألحان كألحان الفيان
",,,,,
 ما سرت النجوم,0654IbnShaccarMawsili.Qalaid.Sham19Y0020990-ara1.txt,"# /243 ب/ فخذ بيدي وعش في عز ملك ... أثي العرش ما سرت النجوم
",,,,,
 ما سرت النسيم,0654IbnShaccarMawsili.Qalaid.Sham19Y0020990-ara1.txt,"# وعليك ما ناح الحمام تحيه ... وعليك ما سرت النسيم سلام
",,,,,
 ما سرى البرق,0654IbnShaccarMawsili.Qalaid.Sham19Y0020990-ara1.txt,"# ما سرى البرق من خلال سحاب ... وشدا طائر على غصن بان
",,,,,
 ما غرد الحمام,0654IbnShaccarMawsili.Qalaid.Sham19Y0020990-ara1.txt,"# /208 أ/ وأبق ما غرد الحمام ومانا ... ح على غصن أيكة خضراء
",,,,,
 ما غرد الحمام,0654IbnShaccarMawsili.Qalaid.Sham19Y0020990-ara1.txt,"# وعشت ما غرد الحمام وما ... حن مشوق وأن متبول
",,,,,
 ما غرد الصادح,0654IbnShaccarMawsili.Qalaid.Sham19Y0020990-ara1.txt,"# لا زلت في عز منيع الحمى ... ما غرد الصادح في الفجر
",,,,,
 ما غرد الطير,0654IbnShaccarMawsili.Qalaid.Sham19Y0020990-ara1.txt,"# ثم الصلاة عليه صيبا غدقا ... ما غرد الطير يوما في ذري سحر
",,,,,
 ما غرد القمري,0654IbnShaccarMawsili.Qalaid.Sham19Y0020990-ara1.txt,"# فاسلم ودم في غبطة لا تني ... ما غرد القمري ألحانا
",,,,,
 ما غردت سحرا,0654IbnShaccarMawsili.Qalaid.Sham19Y0020990-ara1.txt,"# فعشتما في سرور دائما أبدا ... ما غردت سحرا شجوا بلابله
",,,,,
 ما غردت صاحبة,0654IbnShaccarMawsili.Qalaid.Sham19Y0020990-ara1.txt,"# ما غردت صاحبة الجناح ... في الدوح بالتعداد والنواح
",,,,,
 ما غردت فوق,0654IbnShaccarMawsili.Qalaid.Sham19Y0020990-ara1.txt,"# ما غردت فوق الأراك حمامة ... طربا ولا ماست به أغصانه
",,,,,
 ما غردت فوق,0654IbnShaccarMawsili.Qalaid.Sham19Y0020990-ara1.txt,"# ما غردت فوق غصن الأيك ساجعة ... وما انجلت عن ظلام غرة الفلق PageV08P328 # [1001]
",,,,,
 ما غردت فى,0654IbnShaccarMawsili.Qalaid.Sham19Y0020990-ara1.txt,"# فاسلم لهذا الملك تنظم شمله ... ما غردت فى ايكها الأطيار
",,,,,
 ما غردت في,0654IbnShaccarMawsili.Qalaid.Sham19Y0020990-ara1.txt,"# فالله يحرسه من كل حادثة ... ما غردت في الضحى ورقاء في الأصل
",,,,,
 ما غردت في,0654IbnShaccarMawsili.Qalaid.Sham19Y0020990-ara1.txt,"# ما غردت في ذرى الأغصان ساجعة ... وما استمر طلوع الشمس والقمر
",,,,,
 ما غردت قمرية,0654IbnShaccarMawsili.Qalaid.Sham19Y0020990-ara1.txt,"# ما غردت قمرية الأجفان ... إلا وفاض الدمع من أجفاني
",,,,,
 ما غنت الطير,0654IbnShaccarMawsili.Qalaid.Sham19Y0020990-ara1.txt,"# ما غنت الطير في غناء مورقة ... وحن صب براه الصد والملل
",,,,,
 ما لاح بارق,0654IbnShaccarMawsili.Qalaid.Sham19Y0020990-ara1.txt,"# ما لاح بارق متألقا ... إلا تذكرت الحمى والأبرقا
",,,,,
 ما لاح بارق,0654IbnShaccarMawsili.Qalaid.Sham19Y0020990-ara1.txt,"# وسد واسم واسلم وابق ما لاح بارق ... بجد ومجد دائما غير نافد
",,,,,
 ما لاح بدر,0654IbnShaccarMawsili.Qalaid.Sham19Y0020990-ara1.txt,"# لا زلت في نعمة تترى مجددة ... عليك ما لاح بدر في دجى الظلم
",,,,,
 ما لاح برق,0654IbnShaccarMawsili.Qalaid.Sham19Y0020990-ara1.txt,"# ودم متملكا ما لاح برق ... وما ناح الحمام على الهديل
",,,,,
 ما لاح سني,0654IbnShaccarMawsili.Qalaid.Sham19Y0020990-ara1.txt,"# وابق للعلياء ما لاح سني ... بارق أو جعجع الحادي بإبل
",,,,,
 ما لاح صبح,0654IbnShaccarMawsili.Qalaid.Sham19Y0020990-ara1.txt,"# ما لاح صبح وأضحت في ..... ... شمس وأمسى ظلام الليل منعكفا
",,,,,
 ما لاح صبح,0654IbnShaccarMawsili.Qalaid.Sham19Y0020990-ara1.txt,"# واسلم ودم ما لاح صبح او بدا ... ... للورق ms1626 فوق اراكة تغريد
",,,,,
 ما لاح في,0654IbnShaccarMawsili.Qalaid.Sham19Y0020990-ara1.txt,"# قضى لك الله بالتأييد والظفر ... ما لاح في الأفق ضوء من سنى القمر
",,,,,
 ما لاح نجم,0654IbnShaccarMawsili.Qalaid.Sham19Y0020990-ara1.txt,"# خذ الجواب ودم في العز مرتقبا ... ما لاح نجم وحن الصب أو طربا PageV01P195 # [65]
",,,,,
 ما لاح نجم,0654IbnShaccarMawsili.Qalaid.Sham19Y0020990-ara1.txt,"# ما لاح نجم أو بدا بارق ... أو أن صب أو شدا قمري
",,,,,
 ما لاحت طوالع,0654IbnShaccarMawsili.Qalaid.Sham19Y0020990-ara1.txt,"# ولازلت فى عز مقيم ونعمة ... مدى الدهر ما لاحت طوالع انجم
",,,,,
 ما ناح الحمام,0654IbnShaccarMawsili.Qalaid.Sham19Y0020990-ara1.txt,"# مدى الدهر ما ناح الحمام وما رسا ... شمام وما سار الغمام برعده
",,,,,
 ما ناح الحمام,0654IbnShaccarMawsili.Qalaid.Sham19Y0020990-ara1.txt,"# وعليك ما ناح الحمام تحيه ... وعليك ما سرت النسيم سلام
",,,,,
 ما ناح الحمام,0654IbnShaccarMawsili.Qalaid.Sham19Y0020990-ara1.txt,"# ويطربني نوح المام وإنني ... على الدوح ما ناح الحمام طروب
",,,,,
 ما ناح طائر,0654IbnShaccarMawsili.Qalaid.Sham19Y0020990-ara1.txt,"# تهن بعيد الفطر ما ناح طائر ... على فنن يشدو بطيب الترنم
",,,,,
 ما ناح في,0654IbnShaccarMawsili.Qalaid.Sham19Y0020990-ara1.txt,"# /57 ب/ فالله يحرسه لأمة أحمد ... ما ناح في الغصن النضير حمام
",,,,,
 ما ناح قمري,0654IbnShaccarMawsili.Qalaid.Sham19Y0020990-ara1.txt,"# فعليكم مني السلام مواصلا ... ما ناح قمري وهب نسيم
",,,,,
 ما ناح قمري,0654IbnShaccarMawsili.Qalaid.Sham19Y0020990-ara1.txt,"# واسلم ودم في نعمة وسعادة ... ما ناح قمري بأعلى ضاله
",,,,,
 ما ناحت على,0654IbnShaccarMawsili.Qalaid.Sham19Y0020990-ara1.txt,"# وعشت ما ناحت على أيكة ... قمرية في غرة الفجر
",,,,,
 ما هب النسيم,0654IbnShaccarMawsili.Qalaid.Sham19Y0020990-ara1.txt,"# سرورك ما هب النسيم يدوم ... وعزك ممدود الرواق عميم
",,,,,
 ما هبت الرح,0654IbnShaccarMawsili.Qalaid.Sham19Y0020990-ara1.txt,"# عليه من صلوات الله أفضلها ... ما هبت الرح في سهل وفي جبل
",,,,,
 ما هبت الصبا,0654IbnShaccarMawsili.Qalaid.Sham19Y0020990-ara1.txt,"# سلمت مطاع الأمر ما هبت الصبا ... وما ماس مخضر الأراك وريقه
",,,,,
 ما دام القمر,0654SibtIbnJawzi.MiratZaman.SHAM19Y23644-ara1.txt,"# سهل الله له بغيته ... في ملوك الأرض ما دام القمر
",,,,,
 ما دام الكلام,0654SibtIbnJawzi.MiratZaman.SHAM19Y23644-ara1.txt,"# سأشكر ما دام الكلام يطيعني ... صنوفا أتت من جودك المتتابع
",,,,,
 ما دجا الليل,0654SibtIbnJawzi.MiratZaman.SHAM19Y23644-ara1.txt,"# فابق لي سالما على كل حال ... ما دجا الليل أو بدا ضوء شمس
",,,,,
 ما سرى كوكب,0654SibtIbnJawzi.MiratZaman.SHAM19Y23644-ara1.txt,"# لست بكرا إن لم أدعهم حديثا ... ما سرى كوكب وما كر دهر
",,,,,
 ما طال للدهر,0654SibtIbnJawzi.MiratZaman.SHAM19Y23644-ara1.txt,"# رزقت عمرا طويلا ... ما طال للدهر عمر
",,,,,
 ما لاح نجم,0654SibtIbnJawzi.MiratZaman.SHAM19Y23644-ara1.txt,"# سأبكيكم ما لاح نجم وغرد ال ... حمام ببطن الواديين وقرقرا
",,,,,
 ما ناحت حمامة,0654SibtIbnJawzi.MiratZaman.SHAM19Y23644-ara1.txt,"# سأبكيك ما ناحت حمامة أيكة ... وما اخضر في دوح الرياض قضيب
",,,,,
 ما هبت الصبا,0654SibtIbnJawzi.MiratZaman.SHAM19Y23644-ara1.txt,"# أيا قادما من سفرة الهجر مرحبا ... أنا ذاك لا أنساك ما هبت الصبا
",,,,,
 ما هبت الصبا,0654SibtIbnJawzi.MiratZaman.SHAM19Y23644-ara1.txt,"# فبعدا لمن يبكيك ما هبت الصبا ... وسحقا فقد لاقيت ليثا معاركا
",,,,,
 ما هبت الصبا,0654SibtIbnJawzi.MiratZaman.SHAM19Y23644-ara1.txt,"# فوالله ما أنساك ما هبت الصبا ... وما أعقبتها في الرياح جنوب
",,,,,
 ما هتف الهاتفان,0654SibtIbnJawzi.MiratZaman.SHAM19Y23644-ara1.txt,"# أعقبك الله صحة البدن ... ما هتف الهاتفان في الغصن
",,,,,
 ما ناحت حمامة,0654SibtIbnJawzi.TadhkiratKhawass.ShamAY0033599-ara1.txt,"# سأبكيك ما ناحت حمامة آيكة ...وما اخضر في دوح الرياض قضيب
",,,,,
 ما هبت الصبا,0656BahaDinZuhayr.Diwan.ShamAY0037942-ara1.txt,"# ويا مهديا ممن أحب سلامه %~% عليك سلام الله ما هبت الصبا 
",,,,,
 ما نفد الصبى,0656IbnFadlMuzaffarCiraqi.NagratIghrid.JK010629-ara1.txt,"# تغمرت منها بعد ما نفد الصبى ... ولم يرو من ذي حاجة من تغمرا
",,,,,
 ما حنت الإبل,0657IbnIbrahimIrbili.MudhakaraFiAlqab.JK010746-ara1.txt,"# لا حفظ الله ذاك من رجل ... ولا رعاه، ما حنت الإبل
",,,,,
 ما لاح شمس,0658IbnAbbar.HullaSiyara.Shamela0006630-ara1.completed.txt,"# (فعاش مملكا ما لاح شمس ... على الثقلين من جن وإنس)
",,,,,
 ما حنت الني,0660IbnCadim.BughyatTalab.Shamela0010798-ara1.completed.txt,"# وبأن لا تزال ما حنت الني ... ب وغنى الحمام في الأغصان
",,,,,
 ما دامت الأرض,0660IbnCadim.BughyatTalab.Shamela0010798-ara1.completed.txt,"# هنيت بالناصر «1» ودمت له ... ما دامت الأرض تسمو بالسموات
",,,,,
 ما دامت الحقب,0660IbnCadim.BughyatTalab.Shamela0010798-ara1.completed.txt,"# يا يوم مطلب أصبحت أعيننا ... معا يدوم لها ما دامت الحقب
",,,,,
 ما طرد الليل,0660IbnCadim.BughyatTalab.Shamela0010798-ara1.completed.txt,"# فابق مسرورا مهنا بالعلى ... أبدا ما طرد الليل النهار (283- ظ)
",,,,,
 ما غنى الحمام,0660IbnCadim.BughyatTalab.Shamela0010798-ara1.completed.txt,"# فلا زال محروس الجناب ممتعا ... مدى الدهر ما غنى الحمام بوجده
",,,,,
 ما لاح في,0660IbnCadim.BughyatTalab.Shamela0010798-ara1.completed.txt,"# أبى الله إلا أن صفين دارنا ... وداركم ما لاح في الافق كوكب
",,,,,
 ما هبت صبا,0660IbnCadim.BughyatTalab.Shamela0010798-ara1.completed.txt,"# أسكان عرشين القصور عليكم ... سلامي ما هبت صبا وقبول
",,,,,
 ما هبت صبا,0660IbnCadim.BughyatTalab.Shamela0010798-ara1.completed.txt,"# اسكان عرشين القصور عليكم ... سلامي ما هبت صبا وقبول
",,,,,
 ما دامت الدنيا,0665AbuShama.Rawdatayn.Shamela0006631-ara1.completed.txt,"# (لازال في سعد وملك دائم ... ما دامت الدنيا بغير نفاد)
",,,,,
 ما طال للدهر,0665AbuShama.Rawdatayn.Shamela0006631-ara1.completed.txt,"# (رزقت عمرا طويلا ... ما طال للدهر عمر)
",,,,,
 ما دامت الدوح,0668IbnAbiUsaybica.CuyunAnba.Shamela0006687-ara1.completed.txt,"# (فلا برحوا في نعمة وسلامة ... مؤبدة ما دامت الدوح تورق)
",,,,,
 ما غردت في,0668IbnAbiUsaybica.CuyunAnba.Shamela0006687-ara1.completed.txt,"# (فاسلم ودم في رغد عيش دائم ... ما غردت في أيكها الورقاء) الكامل
",,,,,
 ما غردت هاتفات,0668IbnAbiUsaybica.CuyunAnba.Shamela0006687-ara1.completed.txt,"# (فالله يكلؤه من كل حادثة ... ما غردت هاتفات الورق في الشجر) البسيط
",,,,,
 ما لاح برق,0668IbnAbiUsaybica.CuyunAnba.Shamela0006687-ara1.completed.txt,"# (لا زلت ترقى في المكارم دائما ... ما لاح برق في خلال سحاب)
",,,,,
 ما هبت الريح,0668IbnAbiUsaybica.CuyunAnba.Shamela0006687-ara1.completed.txt,"# (عليك سلام لا تزال قلوبنا ... على حزن ما هبت الريح توقف)
",,,,,
 ما هبت الصبا,0668IbnAbiUsaybica.CuyunAnba.Shamela0006687-ara1.completed.txt,"# (فدام سعيد الجد ما هبت الصبا ... وما دام تغريد الحمام المطوق) الطويل
",,,,,
 ما ناح قمري,0671AbuCabdAllahQurtubi.TadhkiraFiAhwalMawta.ShamAY0033760-ara1.txt,"# وعلى النبي محمد صلواته ... ما ناح قمري وأوراق عود
",,,,,
 ما جرى القلم,0676Nawawi.IdahFiManasikHajj.Shamela0096232-ara1.txt,"# وصاحباك فلا أنساهما أبدا ... مني السلام عليكم ما جرى القلم
",,,,,
 ما لاح برق,0680IbnSabuni.TakmilatIkmalIkmal.Shamela0021107-ara1.completed.txt,"# ما لاح برق وما دجا غسق ... وما همى وابل وما هطلا
",,,,,
 ما دام جسمي,0685IbnSacidMaghribi.Mughrib.Shamela0006633-ara1.completed.txt,"# وقوله ... الراح روحي فلا والله اتركها ... ما دام جسمي مشتاقا إلى روح
",,,,,
 ما دامت الحقب,0685IbnSacidMaghribi.Mughrib.Shamela0006633-ara1.completed.txt,"~~لها ... تزيد جدتها ما دامت الحقب
",,,,,
 ما طلع الفجر,0685IbnSacidMaghribi.MurqisatWaMutribat.JK010665-ara1.txt,"# وقد كنت آتيها وفي النفس هجرها ... بتاتا لأخرى الدهر ما طلع الفجر
",,,,,
 ما هبت الصبا,0685IbnSacidMaghribi.MurqisatWaMutribat.JK010665-ara1.txt,"# فيا مهديا ممن أحب سلامه ... عليك سلام الله ما هبت الصبا
",,,,,
 ما هبت الصبا,0692IbnCisaBahaDinIrbili.RisalatTayf.Shamela0000764-ara1.txt,"# ويا حاملا ممن احب رسالة ... عليك سلام الله ما هبت الصبا
",,,,,
 ما هبت قبول,0693ShihabDinKhuyi.AqsaAmal.Sham19Y0032181-ara1.txt,"# 1282 - مثاله سفينة (¬2) مولى الرسول ... صلى عليه الله ما هبت قبول
",,,,,
 ما هتفت ورقاء,0693ShihabDinKhuyi.AqsaAmal.Sham19Y0032181-ara1.txt,"# 3 - ثم على أصحابه الأبرار ... ما هتفت ورقاء (¬2) في الأشجار
",,,,,
 ما غردت أيكية,0697IbnWasil.MufarrijKurub.Sham19Y0016362-ara1.completed.txt,"# ما غردت أيكية أو صيدت %~% أيدى النسيم من الأراكة معطفا
",,,,,
 ما لاح برق,0697MutahharIbnYahyaHusayni.SilatIkhwan.Zaydiyya0000355-ara1.txt,"# ما لاح برق في كثيف أغدرا ... أصبحت (مولاي) (3)، جارك في الثرى
",,,,,
 ما لاح في,0699AbuMuhammadLakhmiShafici.NuhzatKhatir.ShamAY0032876-ara1.txt,"# وعليه سلم ثم صل مواصلا ... ما لاح في الظلماء ضوء الفرقد
",,,,,
 ما دام الزمان,0710IbnAydamurMustacsimi.DurrFarid.Sham19Y0020762-ara1.txt,"# 6468 - تدوم ما دام الزمان آمرا ... وناهيا وفاتقا وراتقا
",,,,,
 ما دام الزمان,0710IbnAydamurMustacsimi.DurrFarid.Sham19Y0020762-ara1.txt,"# تدوم ما دام الزمان آمرا ... وناهيا وفاتقا ورائقا
",,,,,
 ما دام الفتى,0710IbnAydamurMustacsimi.DurrFarid.Sham19Y0020762-ara1.txt,"# ولا زلت بالشهر الحرام مهنأ ... على الدهر ما دام الفتى يحذر الدهرا
",,,,,
 ما دام الكلام,0710IbnAydamurMustacsimi.DurrFarid.Sham19Y0020762-ara1.txt,"# سأشكر ما دام الكلام يطيعني ... صنوفا أنت من جودك المتتابع
",,,,,
 ما دامت الليالي,0710IbnAydamurMustacsimi.DurrFarid.Sham19Y0020762-ara1.txt,"# وعشت ما دامت الليالي ... في نعمة مالها انتهاء
",,,,,
 ما دامت بنفسي,0710IbnAydamurMustacsimi.DurrFarid.Sham19Y0020762-ara1.txt,"# 8618 - سأصبر ما دامت بنفسي مسكة ... عسى فرج يأتي به الله في غد
",,,,,
 ما سار النجوم,0710IbnAydamurMustacsimi.DurrFarid.Sham19Y0020762-ara1.txt,"# [ولا عاطفا جيدي] إليكم بلفتة ... من الشوق ما سار النجوم الطوالع
",,,,,
 ما طلع البدر,0710IbnAydamurMustacsimi.DurrFarid.Sham19Y0020762-ara1.txt,"# تفيض كما فاض الغمام عليهم ... وتطلع فيهم مثل ما طلع البدر
",,,,,
 ما غرد الورق,0710IbnAydamurMustacsimi.DurrFarid.Sham19Y0020762-ara1.txt,"# وعش ودم وابق في عز وفي سعة ... ما غرد الورق يوما في ذرى الشجر
",,,,,
 ما غردت ورق,0710IbnAydamurMustacsimi.DurrFarid.Sham19Y0020762-ara1.txt,"# بقيت ما غردت ورق الحمام ... وما استهل من أنف الوسمي باكره
",,,,,
 ما لاح الثريا,0710IbnAydamurMustacsimi.DurrFarid.Sham19Y0020762-ara1.txt,"# 4313 - أنا عبد وولي ناصح ... لك ما لاح الثريا في الفلك
",,,,,
 ما لاح الثريا,0710IbnAydamurMustacsimi.DurrFarid.Sham19Y0020762-ara1.txt,"# أنا عبد وولي ناصح ... لك ما لاح الثريا في الفلك
",,,,,
 ما لاح برق,0710IbnAydamurMustacsimi.DurrFarid.Sham19Y0020762-ara1.txt,"# ما لاح برق أو ترنم طائر ... إلا انثنيت ولي فؤاد شيق
",,,,,
 ما لاح صباح,0710IbnAydamurMustacsimi.DurrFarid.Sham19Y0020762-ara1.txt,"# عمرت ما لاح صباح وما ... أشرق نجم في الدجى الفاحم
",,,,,
 ما لاح لي,0710IbnAydamurMustacsimi.DurrFarid.Sham19Y0020762-ara1.txt,"# إذا ما لاح لي لمعان برق ... بعثت إلى الأحبة بالسلام
",,,,,
 ما ناحت مطوقة,0710IbnAydamurMustacsimi.DurrFarid.Sham19Y0020762-ara1.txt,"# 17019 - لأشكرنك ما ناحت مطوقة ... وإن عجزت عن الحق الذي وجبا
",,,,,
 ما ناحت مطوقة,0710IbnAydamurMustacsimi.DurrFarid.Sham19Y0020762-ara1.txt,"# لأشكرنك ما ناحت مطوقة ... وما حدا الغيث إبراق وإرعاد
",,,,,
 ما نفد الصبى,0710IbnAydamurMustacsimi.DurrFarid.Sham19Y0020762-ara1.txt,"تغمرت منها بعد ما نفد الصبى ... ولم يرو من ذي حاجة من تغمرا
",,,,,
 ما نفد المكنز,0710IbnAydamurMustacsimi.DurrFarid.Sham19Y0020762-ara1.txt,"# لو نفع البخل وجبن الفتى ... ما نفد المكنز ومات الجبان
",,,,,
 ما هبت الصبا,0710IbnAydamurMustacsimi.DurrFarid.Sham19Y0020762-ara1.txt,"# ويا مهديا ممن أحب سلامه ... عليك سلام الله ما هبت الصبا
",,,,,
 ما دام الحمام,0711IbnManzurIfriqi.LisanCarab.Shamela0001687-ara1.completed.txt,"# فوالله لا ألقى ابن عم كأنه ... نشيبة، ما دام الحمام ms01677 ينوح «1»
",,,,,
 ما دام الرمل,0711IbnManzurIfriqi.LisanCarab.Shamela0001687-ara1.completed.txt,"# لا يغلب النازع ما دام الرمل، ... ومن أكب صامتا فقد حمل «1»
",,,,,
 ما دامت بنجد,0711IbnManzurIfriqi.LisanCarab.Shamela0001687-ara1.completed.txt,"# أحبك، ما دامت بنجد وشيجة، ... وما ثبتت أبلى به وتعار PageV05P136
",,,,,
 ما سال في,0711IbnManzurIfriqi.LisanCarab.Shamela0001687-ara1.completed.txt,"# أما كليب، فإن اللؤم حالفها، ... ما سال في حقلة الزباء واديها
",,,,,
 ما غنى الحمام,0711IbnManzurIfriqi.LisanCarab.Shamela0001687-ara1.completed.txt,"# يهيم، وليس الله شاف هيامه، ... بغراء، ما غنى الحمام وأنجدا
",,,,,
 ما لاح كوكب,0711IbnManzurIfriqi.LisanCarab.Shamela0001687-ara1.completed.txt,"# فأقسمت لا أنساك ما لاح كوكب، ... وما اهتز أغصان العضاه بأسوق
",,,,,
 ما هبت الريح,0711IbnManzurIfriqi.LisanCarab.Shamela0001687-ara1.completed.txt,"# أبقت لنا وقعات الدهر مكرمة، ... ما هبت الريح والدنيا لها وظف
",,,,,
 ما دامت الأرض,0711IbnManzurIfriqi.MukhtasarTarikhDimashq.Shamela0003118-ara1.completed.txt,"# لولا المهلب ما زرنا بلادهم ... ما دامت الأرض فيها الماء والشجر
",,,,,
 ما دجت الليالي,0711IbnManzurIfriqi.MukhtasarTarikhDimashq.Shamela0003118-ara1.completed.txt,"# مضى وأقام ما دجت الليالي ... له مجد يجل عن النفاد
",,,,,
 ما لاح نجم,0711IbnManzurIfriqi.MukhtasarTarikhDimashq.Shamela0003118-ara1.completed.txt,"# لا زال ركنا للمفاخر والعلى ... ما لاح نجم للسراة دليلا
",,,,,
 ما هبت الصبا,0711IbnManzurIfriqi.MukhtasarTarikhDimashq.Shamela0003118-ara1.completed.txt,"# أيا قادما من سفرة البحر مرحبا ... أناديك لا أنساك ما هبت الصبا
",,,,,
 ما هبت الصبا,0711IbnManzurIfriqi.NitharAzhar.Shamela0037632-ara1.txt,"# أعاتك لا أنساك ما هبت الصبا ... وما ناح قمري الحمام المطوق
",,,,,
 ما هبت شمال,0711IbnManzurIfriqi.SururNafs.JK011032-ara1.txt,"# سلام الله ما هبت شمال ... على الأحباب من صب مشوق 958 - كان (5) أهل
",,,,,
 ما دام اللسان,0718AbuIshaqWatwat.GhurarKhasais.Shamela0001349-ara1.mARkdown.txt,"# سأشكر ما دام اللسان يطيعني %~% صنوفا أتت من جودك المتتابع
",,,,,
 ما طرد الليل,0718AbuIshaqWatwat.GhurarKhasais.Shamela0001349-ara1.mARkdown.txt,"# لا زال في الملك ذا اغتباط %~% ما طرد الليل والنهار
",,,,,
 ما هبت صبا,0721IbnRushaydSabti.MalCayba.Shamela0012532-ara1.txt,"# صلى عليك الله ما هبت صبا ... وما تغني طائر وغردا
",,,,,
 ما دام المسبب,0723IbnFuwati.MajmacAdab.Sham19Y0014075-ara1.mARkdown.txt,"# فتبدل الأسباب ليس بضائر %~% والله ما دام المسبب باقيا
",,,,,
 ما غردت ورق,0724IbnCattar.TuhfatTalibin.Shamela0000321-ara1.txt,"# والآل والأصحاب ثم سلامه ... ما غردت ورق على الأعواد (2)
",,,,,
 ما حنت النيب,0725Anonymous.DiwanHudhaliyyin.Sham19Y0017904-ara1.txt,"# فلم يروا مثل عمرو ما خطت قدم ... ولن يروا مثله ما حنت النيب
",,,,,
 ما دام الحمام,0725Anonymous.DiwanHudhaliyyin.Sham19Y0017904-ara1.txt,"# فوالله لا أرزا ابن عم كأنه ... ""نشيبة"" ما دام الحمام ينوح (¬4)
",,,,,
 ما لاح برق,0725BaybarsMansuri.ZubdatFikra.GVDB20201027-ara1.completed.txt,"لا زلت منصور اللواء مظفرا %~% ما لاح برق أو ألخ غمام. 
",,,,,
 ما سرت الصبا,0726Yunini.DhaylMiratZaman.Shamela0012722-ara1.completed.txt,"# صلى عليك الله ما سرت الصبا ... وشدا حمام في الغصون وناحا
",,,,,
 ما ناح في,0726Yunini.DhaylMiratZaman.Shamela0012722-ara1.completed.txt,"# فاسلم ودم تحي المائر والعلى ... ما ناح في فرع الاراك حمام
",,,,,
 ما ناح في,0726Yunini.DhaylMiratZaman.Shamela0012722-ara1.completed.txt,"# فخذه ودم ما ناح في الجو طائر ... وما دام أدوار ms0647 وما دام فرقد
",,,,,
 ما ناحت وأبكت,0726Yunini.DhaylMiratZaman.Shamela0012722-ara1.completed.txt,"# فلا زلت منصور اللواء مؤيدا ... على الكفر ما ناحت وأبكت حمائم
",,,,,
 ما هب الصبا,0726Yunini.DhaylMiratZaman.Shamela0012722-ara1.completed.txt,"# آليت لا أنساك ما هب الصبا ... حتى أوسد في صفيح الملحد
",,,,,
 ما لاح بالمعزاء,0732AbuFida.KunnashFiNahwWaSarf.Sham19Y0017687-ara1.txt,"# ما أنس لا أنساه آخر عيشتي ... ما لاح بالمعزاء ريع سراب
",,,,,
 ما ناح الحمام,0732AbuFida.MukhtasarFiAkhbar.Shamela0012715-ara1.mARkdown.txt,"# لكم مني الدعاء بكل أرض %~% ونشر الذكر ما ناح الحمام
",,,,,
 ما سجعت حمامه,0733Nuwayri.NihayatArab.Shamela0010283-ara1.mARkdown.txt,"# رحبت بلادك يا أمامه %~% وسلمت ما سجعت حمامه
",,,,,
 ما طلع الكوكب,0733Nuwayri.NihayatArab.Shamela0010283-ara1.mARkdown.txt,"# أفاطم بكى ولا تسأمى %~% بصبحك ما طلع الكوكب
",,,,,
 ما هتف الهاتفات,0733Nuwayri.NihayatArab.Shamela0010283-ara1.mARkdown.txt,"# أعقبك الله صحة البدن، %~% ما هتف الهاتفات في الغصن.
",,,,,
 ما طلع الفجر,0736IbnDawadari.KanzDurar.Sham19Y0018147-ara1.completed.txt,"# وقد كنت آتيها وفى النفس هجرها %~% بتاتا لأخرى الدهر ما طلع الفجر
",,,,,
 ما غرد القمرى,0736IbnDawadari.KanzDurar.Sham19Y0018147-ara1.completed.txt,"# وكذا الزمان بعصره مستأمن %~% ما غرد القمرى على غصن الأراك 
",,,,,
 ما هبت رياح,0736IbnDawadari.KanzDurar.Sham19Y0018147-ara1.completed.txt,"# ودام ملكك ما هبت رياح صبا %~% وفتحت فى رياض أعين الزهر
",,,,,
 ما هتف الحمام,0736IbnDawadari.KanzDurar.Sham19Y0018147-ara1.completed.txt,"# لا زلت منصور اللواء مؤيد ال %~%  عزمات ما هتف الحمام وغردا
",,,,,
 ما ناح من,0740JunaydShirazi.ShaddIzar.ShamAY0034640-ara1.txt,"# يا عرصة الوادى عليك سلام ... ما ناح من فوق الغصون حمام
",,,,,
 ما ناحت مطوقة,0743SharafDinTibi.FutuhGhayb.Sham19Y0020891-ara1.txt,"# أبكي لفقدك ما ناحت مطوقة .... وما سما فنن يوما على ساق PageV13P049 # تجري لا تستقر. وقرئ: (لا مستقر لها) على أن ""لا"" بمعنى ""ليس"". {ذلك}
",,,,,
 ما طلع الفجر,0745AbuHayyanGharnati.TadhyilTashil.Sham19Y0017116-ara1.txt,"# وإني لآتيها، وفي النفس هجرها ... بتاتا لأخرى الدهر ما طلع الفجر
",,,,,
 ما ناح في,0745AbuHayyanGharnati.TafsirBahrMuhit.Shamela0023591-ara1.completed.txt,"# أبيض كالرجع رسوب إذا ... ما ناح في محتفل يختلي
",,,,,
 ما حيي الذكر,0748Dhahabi.TarikhIslam.Shamela0035100-ara1.mARkdown.txt,"# هو الموت فاختر ما ms05653 علا لك ذكره %~% فلم يمت الإنسان ما حيي الذكر 
",,,,,
 ما هبت الصبا,0748Dhahabi.TarikhIslam.Shamela0035100-ara1.mARkdown.txt,"# عليها سلام الله ما هبت الصبا %~% وما لاح وهنا في دجى الليل 
",,,,,
 ما حدر الصباح,0748IbnDimyati.Mustafad.Shamela0023764BK4-ara1.completed.txt,"# يرتاح ما حدر الصباح لثامه %~% وارتاح قمري على أغصانه
",,,,,
 ما ناح الحمام,0749ZaynDinIbnWardi.Tarikh.Shamela0006624-ara1.txt,"# (لكم مني الدعاء بكل أرض ... ونشر الذكر ما ناح الحمام)
",,,,,
 ما دارت الأفلاك,0750SafiDinHilli.Diwan.ShamAY0037951-ara1.txt,"# بقيت ما دارت الأفلاك في نعم ، %~% محروسة من صروف الدهر والنوب PageV01P1255 
",,,,,
 ما دام الله,0756IbnYusufSaminHalabi.CumdatHuffaz.Sham19Y0017829-ara1.txt,"# 1169 - وأبرح ما دام الله قومي ... بحمد الله منتطقا مجيدا
",,,,,
 ما لاح على,0761IbnKaykaldiCalai.ArbacinMughniyya.ShamAY0033598-ara1.txt,"# وإذا ما لاح على فنن ... شاد أصباه ترنمه
",,,,,
 ما نفحت صبا,0761IbnKaykaldiCalai.ArbacinMughniyya.ShamAY0033598-ara1.txt,"# صلى عليك الله ما نفحت صبا ... أو هب من أرض الحجاز قبول
",,,,,
 ما هبت الصبا,0761IbnKaykaldiCalai.ArbacinMughniyya.ShamAY0033598-ara1.txt,"# عليه صلاة الله ما هبت الصبا ... وما [ .. .. ] الثور من أديم السحب
",,,,,
 ما لاح برق,0761IbnKaykaldiCalai.ItharatFawaid.Shamela0022882-ara1.txt,"# ما لاح برق وما ضاءت لناظرها ... كواكب الأفق أو دارت على القطب
",,,,,
 ما لاح بريق,0764IbnShakirKutubi.FawatWafayat.Shamela0001003-ara1.completed.txt,"# والقلب له من بعد صبري الفاني ... الوجد بقي ما لاح بريق رامة أو لمعا
",,,,,
 ما لاح في,0764IbnShakirKutubi.FawatWafayat.Shamela0001003-ara1.completed.txt,"# بلى إن علي الله وسع لم أزل ... أصلي له ما لاح في الجو بارق وقال في
",,,,,
 ما هب النسيم,0764IbnShakirKutubi.FawatWafayat.Shamela0001003-ara1.completed.txt,"# يهواك ما هب النسيم وحبذا ... نفح النسيم الحاجري وبرده
",,,,,
 ما هبت الريح,0764IbnShakirKutubi.FawatWafayat.Shamela0001003-ara1.completed.txt,"# وكنت أهدي مع الريح السلام له ... ما هبت الريح في صبح وإمساء
",,,,,
 ما هبت الصبا,0764IbnShakirKutubi.FawatWafayat.Shamela0001003-ara1.completed.txt,"# أحن إلى الأزهار ما هبت الصبا ... وما ناح في الأيك الحمام المطوق
",,,,,
 ما هبت الصبا,0764IbnShakirKutubi.FawatWafayat.Shamela0001003-ara1.completed.txt,"# فوالله ما أنساك ما هبت الصبا ... وما أعقبتها في الرياح جنوب
",,,,,
 ما سجعت في,0764Safadi.AcyanCasr.Shamela0000131-ara1.mARkdown.txt,"# ما سجعت في الأيك ورق الحمى ... لكنها في عزتي عزت
",,,,,
 ما غردت قمرية,0764Safadi.AcyanCasr.Shamela0000131-ara1.mARkdown.txt,"# وأله ما غردت قمرية ... على غصون الأيك في البرية
",,,,,
 ما غنت الصوادح,0764Safadi.AcyanCasr.Shamela0000131-ara1.mARkdown.txt,"# وابق ما غنت الصوادح في الصب ... ح ولاح الضحى وولى المساء
",,,,,
 ما غنت الورق,0764Safadi.AcyanCasr.Shamela0000131-ara1.mARkdown.txt,"# وإني إذا ما غنت الورق نادب ... وإني إذا نام الخليون ساهر
",,,,,
 ما غنت بأيك,0764Safadi.AcyanCasr.Shamela0000131-ara1.mARkdown.txt,"# ودم وارق في أوج المفاخر والعلا ... مدى الدهر ما غنت بأيك سواجع
",,,,,
 ما غنى الحمام,0764Safadi.AcyanCasr.Shamela0000131-ara1.mARkdown.txt,"# وعش وابق ما غنى الحمام بدوحه ... وبارى هديل الورق منها هديرها
",,,,,
 ما لاح برق,0764Safadi.AcyanCasr.Shamela0000131-ara1.mARkdown.txt,"# ما لاح برق ولا ناحت مطوقة ... ولا تناوح من باب الحمى عذبه
",,,,,
 ما لاح ضوء,0764Safadi.AcyanCasr.Shamela0000131-ara1.mARkdown.txt,"# لا زال ما تأتي أخيرا أولا ... متنعما. ما لاح ضوء نهار
",,,,,
 ما ناحت مطوقة,0764Safadi.AcyanCasr.Shamela0000131-ara1.mARkdown.txt,"# فالله يبقيك ما ناحت مطوقة ... فيما نرجيه من سعد ومن نعم
",,,,,
 ما هب ريح,0764Safadi.AcyanCasr.Shamela0000131-ara1.mARkdown.txt,"# فاسلم ودم في نعمة ... ما هب ريح أو خفق
",,,,,
 ما هبت الصبا,0764Safadi.AcyanCasr.Shamela0000131-ara1.mARkdown.txt,"# نأيتم فلا والله ما هبت الصبا ... فنمت مع النوام جنبا على جنبي
",,,,,
 ما دار ذكر,0764Safadi.KashfHal.ShamAY0036062-ara2.txt,"# ... ولكم منيت بليلة مسودة ... ... ... ما دار ذكر البدر في أحشائها
",,,,,
 ما هبت الصبا,0764Safadi.LawcatShaki.Shamela0037494-ara1.txt,"# ويا حاملا ممن أحب سلامه ... عليك سلام الله ما هبت الصبا
",,,,,
 ما ناحت الورق,0764Safadi.TawshicTawshih.Shamela0005409-ara1.txt,"# ما ناحت الورق في الغصون ... إلا
",,,,,
 ما لاح بارق,0767Balawi.TajMafriq.JK010478-ara1.txt,"# وصلى عليك الله ما لاح بارق ... وما ناح طير في الغضون مغردا
",,,,,
 ما لاح عن,0767Balawi.TajMafriq.JK010478-ara1.txt,"# ما لاح عن قرب مدى وإنما ... قربه الشوق فكان نائيا
",,,,,
 ما غرد المترنح,0768Yafici.MiratJinan.Shamela0009091-ara1.mARkdown.txt,"# عن الصادق المختار صل مسلما ... على روحه ما غرد المترنح
",,,,,
 ما غنت الورق,0768Yafici.MiratJinan.Shamela0009091-ara1.mARkdown.txt,"# وآله الغر والصحب الكرام معا ... ما غنت الورق أو ناحت بأطلال
",,,,,
 ما دار القمر,0774IbnKathir.Bidaya.Shamela0004445-ara1.completed.txt,"# سهل الله له بغيته ... في ملوك الأرض ما دار القمر
",,,,,
 ما دامت الأيام,0774IbnKathir.Bidaya.Shamela0004445-ara1.completed.txt,"# صلى عليه الله ذو الجلال ... ما دامت الأيام والليالي
",,,,,
 ما هبت الصبا,0774IbnKathir.Bidaya.Shamela0004445-ara1.completed.txt,"# أيا قادما من سفرة الهجر مرحبا ... أيا ذاك لا ms5265 أنساك ما هبت الصبا
",,,,,
 ما هبت الصبا,0774IbnKathir.Bidaya.Shamela0004445-ara1.completed.txt,"# لحمزة يوم الحشر خير مصير ... فوالله لا أنساك ما هبت الصبا
",,,,,
 ما غرد القمري,0776JamalDinSurramarri.NahjRashad.Sham19Y0013637-ara1.txt,"# . . . . . . . . . . . . . . . ... عليه صلاة الله ما غرد القمري (¬1)
",,,,,
 ما حن نازح,0776LisanDinIbnKhatib.Diwan.ShamAY0037834-ara1.txt,"# فدم ناصر للدين ما حن نازح %~% وما افتن في غصن الأراكة صادح PageV01P220 
",,,,,
 ما غردت وأرقاء,0776LisanDinIbnKhatib.Diwan.ShamAY0037834-ara1.txt,"# ما غردت وأرقاء فوق أراكة %~% تبكي الهديل وما صباح لاحا PageV01P214 
",,,,,
 ما لاح بارق,0776LisanDinIbnKhatib.Diwan.ShamAY0037834-ara1.txt,"# عليك ms017 سلام الله ما لاح بارق %~% وما سجعت ورق الحمام النوادب PageV01P064 
",,,,,
 ما لاح بدر,0776LisanDinIbnKhatib.Diwan.ShamAY0037834-ara1.txt,"# لا زال بدرا في سماء خلافة %~% ما لاح بدر في الظلام الداجي PageV01P184 
",,,,,
 ما لاح في,0776LisanDinIbnKhatib.Diwan.ShamAY0037834-ara1.txt,"# خليفة الله ساعد القدر %~% علاك ما لاح في الدجى قمر 
",,,,,
 ما هبت الريح,0776LisanDinIbnKhatib.Diwan.ShamAY0037834-ara1.txt,"# صلى عليه الذي أهداه نور هدى %~% ما هبت الريح من بعد الجنوب صبا
",,,,,
 ما هبت الصبا,0776LisanDinIbnKhatib.Diwan.ShamAY0037834-ara1.txt,"# صلى عليك الله ما هبت الصبا %~% وهنا فهزت مائسا أملودا
",,,,,
 ما هبت الصبا,0776LisanDinIbnKhatib.Diwan.ShamAY0037834-ara1.txt,"# عليكم سلام الله ما هبت الصبا %~% وما لاح برق في أجارع لعلع PageV01P616 
",,,,,
 ما هبت صبا,0776LisanDinIbnKhatib.Diwan.ShamAY0037834-ara1.txt,"# صلى عليك الله ما هبت صبا %~% فهفت بغصن للرياض مرووح
",,,,,
 ما دامت الآصال,0776LisanDinIbnKhatib.Ihata.Shamela0011682-ara1.completed.txt,"# فلا تذر على الوصال وابكين «13» ... ما دامت الآصال والأسحار
",,,,,
 ما دامت الأسحار,0776LisanDinIbnKhatib.Ihata.Shamela0011682-ara1.completed.txt,"# وخذه بعد سلاما عاطرا أرجا ... يدوم ما دامت الأسحار والأصل
",,,,,
 ما لاح في,0776LisanDinIbnKhatib.Ihata.Shamela0011682-ara1.completed.txt,"# خليفة الله ساعد القدر ... علاك ما لاح في الدجى قمر
",,,,,
 ما لاح كوكب,0776LisanDinIbnKhatib.Ihata.Shamela0011682-ara1.completed.txt,"# عليه سلام الله ما لاح كوكب ... وما فارق «3» الأظعان حادي الركائب
",,,,,
 ما لاحت بروق,0776LisanDinIbnKhatib.Ihata.Shamela0011682-ara1.completed.txt,"# سأبكيك ما لاحت بروق لشائم ... وأرعاك ما كان الغمام بعائد «17»
",,,,,
 ما هبت الصبا,0776LisanDinIbnKhatib.Ihata.Shamela0011682-ara1.completed.txt,"# عليك سلام الله ما هبت الصبا ... وما بارق جنح الدجنة أو مضا
",,,,,
 ما هبت جنوبا,0776LisanDinIbnKhatib.Ihata.Shamela0011682-ara1.completed.txt,"# يد الله في ذاك الأديم ممزقا «4» ... تبارك ما هبت جنوبا وشمألا
",,,,,
 ما هبت صبا,0776LisanDinIbnKhatib.Ihata.Shamela0011682-ara1.completed.txt,"# صلى عليك الله «7» ما هبت صبا ... فهفت بغصن في الرياض مروح
",,,,,
 ما هبت من,0776LisanDinIbnKhatib.Ihata.Shamela0011682-ara1.completed.txt,"# أحبك ما هبت من الروض نسمة ... وما اهتز غصن في الحديقة مائل
",,,,,
 ما غنت الديار,0776LisanDinIbnKhatib.JayshTawshih.Shamela0095575-ara1.txt,"# يا نازحا يزار ... لو كان لي خيار ما غنت الديار
",,,,,
 ما لاح الثريا,0776LisanDinIbnKhatib.JayshTawshih.Shamela0095575-ara1.txt,"# لا أسلو الغرام ... ما لاح الثريا وغنى الحمام
",,,,,
 ما لاحت بروق,0776LisanDinIbnKhatib.KatibaKamina.Shamela0001027-ara1.completed.txt,"# سأبكيك ما لاحت بروق لشائم ... (3) وأرعاك ما كان الغمام بعائد
",,,,,
 ما هبت الصبا,0776LisanDinIbnKhatib.KatibaKamina.Shamela0001027-ara1.completed.txt,"# عليك سلام الله ما هبت الصبا ... تهب بغصن في الاراكة مائد
",,,,,
 ما حنت الإبل,0789IbnMuhammadKhuzaci.TakhrijDalalat.Shamela0009790-ara1.txt,"# عما يزخرفه لسنا نوادعه ... فيما يجيء به ما حنت الإبل
",,,,,
 ما غنت حمامة,0790IbnMusaGharnatiShatibi.SharhAlfiyyatIbnMalik.Sham19Y0020562-ara1.txt,"# حياتي ما غنت حمامة أيكة ... وما طاوعت يسرى يدي يمينها PageV01P192 # وأنشد بعضهم هذا البيت هكذا:
",,,,,
 ما ناحت الورقاء,0795IbnRajabHanbali.DhaylTabaqatHanabila.Shamela0031366-ara1.mARkdown.txt,"# فعلى ابن حنبل السلام وصحبه %~% ما ناحت الورقاء في الأغصان
",,,,,
 ما دام الحمام,0795IbnZumruq.Diwan.ShamAY0037869-ara1.txt,"# سأبكيه ما دام الحمام مطوقا %~% وما سجعت تبكي الهديل قماريها
",,,,,
 ما دامت الشهب,0795IbnZumruq.Diwan.ShamAY0037869-ara1.txt,"# والسعد يجري لغايات تؤملها %~% ما دامت الشهب تجري في مجاريها PageV01P265 
",,,,,
 ما سرى في,0795IbnZumruq.Diwan.ShamAY0037869-ara1.txt,"# دمت روحا للمعاني %~% ما سرى في الجسم روح PageV01P033 
",,,,,
 ما دار فلك,0804IbnMulaqqin.TabaqatAwliya.Shamela0001347-ara1.completed.txt,"# صلى عليه الله ما دار فلك ... ولازم التسبيح والذكر ملك
",,,,,
 ما هب الصبا,0804IbnMulaqqin.TabaqatAwliya.Shamela0001347-ara1.completed.txt,"# أيا قادما من سفرة الهجر، مرحبا ... أنا ذاك، لا أنساك، ما هب الصبا
",,,,,
 ما رنمت فوق,0807IbnAhmarKhazraji.AclamMaghrib.Sham19Y0120143-ara1.txt,"# ما رنمت فوق الغصون حمامة ... أو حن مشتاق. . لذكرته (¬4)
",,,,,
 ما لاح بارق,0807IbnAhmarKhazraji.AclamMaghrib.Sham19Y0120143-ara1.txt,"# عليك سلام الله ما لاح بارق ... وما سجعت ورق الحمام النوادب
",,,,,
 ما هبت صبا,0807IbnAhmarKhazraji.AclamMaghrib.Sham19Y0120143-ara1.txt,"# صلى عليه الله ما هبت صبا ... أو ما تغنى ساجع في أيكته
",,,,,
 ما هبت على,0807IbnAhmarKhazraji.AclamMaghrib.Sham19Y0120143-ara1.txt,"# صل صلاة منك تترى أبدا ... عليه ما هبت على الروض الصبا
",,,,,
 ما غنت الورقا,0808IbnKhaldun.Tarikh.Shamela0012320-ara1.completed.txt,"# عليكم سلام الله من لسن فاهم ... ما غنت الورقا وناح حمام
",,,,,
 ما غنى يفينا,0808IbnKhaldun.Tarikh.Shamela0012320-ara1.completed.txt,"# عليهم ومن هو في حمامهم تحية ... مدى الدهر ما غنى يفينا حمامها
",,,,,
 ما لاح في,0808IbnKhaldun.Tarikh.Shamela0012320-ara1.completed.txt,"# خليفة الله ساعد القدر ... علاك ما لاح في الدجى قمر
",,,,,
 ما دار القمر,0808MuhammadDamiri.HayatHayawanKubra.Shamela0010664-ara1.txt,"# سهل الله له بغيته ... في ملوك الأرض ما دار القمر
",,,,,
 ما غرد القمري,0812CaliKhazraji.CuqudLuluiyya.Shamela0009233-ara1.txt,"# لا زلت في عز وعافية ... لا تنقضي ما غرد القمري
",,,,,
 ما غردت ورق,0812CaliKhazraji.CuqudLuluiyya.Shamela0009233-ara1.txt,"# في كرم يوم بكرة وعشية ... ما غردت ورق ولاحت أنجم
",,,,,
 ما هبت الصبا,0812CaliKhazraji.CuqudLuluiyya.Shamela0009233-ara1.txt,"# فدم في ظلال الملك ما هبت الصبا ... وما جن في جنح الظلام ms084 وعود
",,,,,
 ما لاح برق,0815IbnCabdAllahGhazuli.MatalicBudur.Shamela0005390-ara1.txt,"# و: انه من تحت راكبه إذا ... ما لاح برق لاح تحت غمامه
",,,,,
 ما نطق الحمام,0817MajdDinFiruzabadi.Maghanim.ShamAY0038405-ara1.txt,"# فلا وبنات خالك، لا تراه ... سجيس الدهر، ما نطق الحمام
",,,,,
 ما نطقت بذكره,0821AbuShamilShumuni.NukhbatFikr.ShamAY0037305-ara1.txt,"# 3- صلى وسلم عليه الله ... ... ... ما نطقت بذكره الأفواه
",,,,,
 ما غردت ورق,0832AbuTayyibFasi.CiqdThamin.Sham19Y0020989-ara1.txt,"# صلى عليك الله يا بحر الندى ... ما غردت ورق بوادى المنحنى
",,,,,
 ما لاح خصرك,0832AbuTayyibFasi.CiqdThamin.Sham19Y0020989-ara1.txt,"# ما لاح خصرك بالنحول موشحا ... إلا وأضحى للصدود مكفرا
",,,,,
 ما هبت الصبا,0832AbuTayyibFasi.CiqdThamin.Sham19Y0020989-ara1.txt,"# ولا أبرح البايين ما هبت الصبا ... بذى رونق قد أخلصته الصياقل
",,,,,
 ما دامت الذنى,0833QadiShammac.MatalicTamam.ShamAY0036197-ara1.txt,"# عليه سلام الله ما دامت الذنى ... ... وما ذكر الرحمن في كل مسجد(¬1)
",,,,,
 ما دامت الأيام,0837IbnHijjaHamawi.KhizanatAdab.Shamela0008675-ara1.txt,"# قلت له دمت لقلبي هكذا ... ما دامت الأيام والليالي
",,,,,
 ما طرد الظلام,0837IbnHijjaHamawi.KhizanatAdab.Shamela0008675-ara1.txt,"# هنئت يا أبتي بعودك سالما ... وبقيت ما طرد الظلام نهار
",,,,,
 ما نار نور,0837IbnHijjaHamawi.KhizanatAdab.Shamela0008675-ara1.txt,"# صلى عليك الله يا خير الورى ... ما نار نور من ضريحك في الدجى
",,,,,
 ما هب النسيم,0837IbnHijjaHamawi.KhizanatAdab.Shamela0008675-ara1.txt,"# والله ms062 ما هب النسيم بحاجر ... إلا ترقرق مدمعي بمحاجري
",,,,,
 ما هاج بلبال,0839MahdiAhmadIbnYahya.TakmilatAhkam.Zaydiyya0000033-ara1.txt,"# الحمدلله على كل حال .... ما هاج بلبال وما قر بال
",,,,,
 ما سجع الحمام,0842IbnNasirDinDimashqi.JamicAthar.ShamAY0034447-ara1.txt,"# سأتبع هديه ما دمت حيا ... طوال الدهر ما سجع الحمام
",,,,,
 ما غرد القمري,0842IbnNasirDinDimashqi.JamicAthar.ShamAY0034447-ara1.txt,"# ولا تملي بكاك الدهر معولة ... عليه ما غرد القمري بالسحر
",,,,,
 ما لاح نجم,0845Maqrizi.ItticazHunafa.Shamela0000176-ara1.completed.txt,"# فعاش مملكا ما لاح نجم ... على الثقلين من جن وإنس
",,,,,
 ما غنى الحمام,0845Maqrizi.Muqaffa.Shamela19Y0145334-ara1.txt,"فليهتفن بكل أرض منطقي ... بالشكر ما غنى الحمام الهتف
",,,,,
 ما هتف الهاتفات,0845Maqrizi.Muqaffa.Shamela19Y0145334-ara1.txt,"أعقبك الله صحة البدن ... ما هتف الهاتفات في الغصن
",,,,,
 ما لاح بدر,0852IbnHajarCasqalani.RafcIsr.Shamela0012724-ara1.mARkdown.txt,"# ما لاح بدر كامل الإبدار ... وما انجلى الهلال من سرار
",,,,,
 ما لاح في,0855BadrDinCayni.CiqdJuman.ShamAY0033840-ara1.txt,"# وصل على المختار من آل هاشم ... نبي الهدى ما لاح في الأفق كوكب
",,,,,
 ما سبح الرحمن,0864RadiDinGhazzi.BahjatNazirin.Sham19Y0020578-ara1.txt,"# صلى عليه ربنا ... ما سبح الرحمن عبد
",,,,,
 ما هبت الصبا,0864RadiDinGhazzi.BahjatNazirin.Sham19Y0020578-ara1.txt,"# عليه صلاة الله ما هبت الصبا ... وما زال نور النجم في الأفق يلمع
",,,,,
 ما لاح نجم,0875Jizi.Tadhkira.GVDB20210301-ara1.completed.txt,"# ما لاح نجم على افق السماء وما %~% مالت نسيم  الصبا في الروض  بالقضب . PageV01P002B
",,,,,
 ما لاح سنا,0880IbnCabdWahidMaymuni.QurratAbsar.ShamAY0037402-ara1.txt,"# لو لم ينله لم يزل كئيبا ... 307 ... عليك ما لاح سنا غريبا
",,,,,
 ما هب الصبا,0880IbnCabdWahidMaymuni.QurratAbsar.ShamAY0037402-ara1.txt,"~~بيان مولد النبي المجتبى ... 31 ... صلى عليه الله ما هب الصبا
",,,,,
 ما لاح في,0884AbuDharrSibtIbnCajami.KunuzDhahab.Shamela0011786-ara1.txt,"# أبى الله إلا أن صفين دارنا ... وداركم ما لاح في الأفق كوكب
",,,,,
 ما ناح ذو,0884AbuDharrSibtIbnCajami.KunuzDhahab.Shamela0011786-ara1.txt,"# ما ناح ذو شجن ليلا على فنن ... وأومض البرق نجديا ولاح القمر
",,,,,
 ما هبت صبا,0884AbuDharrSibtIbnCajami.KunuzDhahab.Shamela0011786-ara1.txt,"# اسكان عرشين القصور عليكم ... سلامي ما هبت صبا وقبول «1»
",,,,,
 ما دامت الارض,0893IbnAbiBakrHadari.BahjatMahafil.Shamela0009780-ara1.txt,"# هذا وصلى ربنا وسلما ... ما دامت الارض وما دام السما
",,,,,
 ما هبت الصبا,0900AbuCabdAllahHimyari.RawdMictar.Shamela0001043-ara1.mARkdown.txt,"# فما الخير بالمأمول ما هبت الصبا %~% ولا الشر بالمأمون ما برق الفجر وفي 
",,,,,
 ما طرد الظلام,0902Sakhawi.DawLamic.JK003608-ara1.completed.txt,"# %~% هنئت يا أبتي بعودك سالما %~% وبقيت ما طرد الظلام نهار %~%
",,,,,
 ما ناح قمرى,0902Sakhawi.DawLamic.JK003608-ara1.completed.txt,"# %~% صلى عليه الله طول المدى %~% ما ناح قمرى بصوت رخيم %~%
",,,,,
 ما هب الصبا,0902Sakhawi.DawLamic.JK003608-ara1.completed.txt,"# %~% صلى عليه الله ما هب الصبا %~% فنمت إلى العشاق من طيب الأرج %~%
",,,,,
 ما هبت جنوب,0902Sakhawi.DawLamic.JK003608-ara1.completed.txt,"# %~% مدى الأيام ما هبت جنوب %~% وما همرت حيا وطب السحاب %~%
",,,,,
 ما دام السها,0902Sakhawi.JawahirWaDurar.Sham19Y0017372-ara1.txt,"# ودم وابق ما دام السها في رعاية ... بك الله يا بحر المكارم يلطف
",,,,,
 ما ذكر اسمه,0902Sakhawi.JawahirWaDurar.Sham19Y0017372-ara1.txt,"# صلى عليه الله ما ذكر اسمه ms335 ... لشج فهام إليه صب مدنف
",,,,,
 ما غردت ورقه,0902Sakhawi.JawahirWaDurar.Sham19Y0017372-ara1.txt,"# ما غردت ورقه في الأيك آمرة ... بزورة المصطفى والبيت والحجر
",,,,,
 ما غنت حمام,0902Sakhawi.JawahirWaDurar.Sham19Y0017372-ara1.txt,"# رعاه الله ما غنت حمام ... على عود بشجو مستطاب
",,,,,
 ما لاح نجم,0902Sakhawi.JawahirWaDurar.Sham19Y0017372-ara1.txt,"# ما لاح نجم في رياض وما ... أشرق في أفق سماء وغاب
",,,,,
 ما لاح نجم,0902Sakhawi.JawahirWaDurar.Sham19Y0017372-ara1.txt,"# وآله وصحبه والأزواج ... ما لاح نجم في السما وهاج
",,,,,
 ما لاح بارق,0904Burayhi.TabaqatSulahaYaman.Shamela0006641-ara1.completed.txt,"# (عليك جمال الدين ما لاح بارق ... وما هملت سحب السماء بمائها)
",,,,,
 ما هبت الصبا,0904Burayhi.TabaqatSulahaYaman.Shamela0006641-ara1.completed.txt,"# (يدوم مدى الأيام ما هبت الصبا ... وما طلعت شمس وما عابد صلى)
",,,,,
 ما هبت رياح,0904Burayhi.TabaqatSulahaYaman.Shamela0006641-ara1.completed.txt,"# (وصل ما هبت رياح الصبا ... على المصطفى خير من قد يرى)
",,,,,
 ما سار ركب,0909IbnCabdHadi.Jawhar.Sham19Y0017657-ara1.txt,"# والآل والأصحاب أعلام الهدى ... ما سار ركب الحج فى البطحاء
",,,,,
 ما دامت السماوات,0911Suyuti.BudurSafira.ShamAY0034815-ara1.txt,"# هود ... خالدين فيها ما دامت السماوات والأرض إلا ما شاء ربك ....... ...
",,,,,
 ما حن وحش,0911Suyuti.HawiLiFatawi.Shamela0021723-ara1.txt,"# ما حن وحش إلى وكر وغرد في ... خمائل الأيك قمري وقد سجعا
",,,,,
 ما ذكر اسمه,0911Suyuti.HawiLiFatawi.Shamela0021723-ara1.txt,"# وصلى إله العرش ما ذكر اسمه ... على المصطفى المبعوث للسود والحمر
",,,,,
 ما لاح برق,0911Suyuti.HawiLiFatawi.Shamela0021723-ara1.txt,"# ما لاح برق وما ناحت مطوقة ... على الغصون وهبت نسمة سحرا
",,,,,
 ما لاح كوكب,0911Suyuti.HawiLiFatawi.Shamela0021723-ara1.txt,"# وصلى إله العرش ما لاح كوكب ... على المصطفى المختار ذي المجد والفخر
",,,,,
 ما هب الصبا,0911Suyuti.HawiLiFatawi.Shamela0021723-ara1.txt,"# محمد المصطفى خير النبيين ... والآل والصحب ما هب الصبا وصبا
",,,,,
 ما ناحت الورق,0911Suyuti.HusnMuhadara.Shamela0003283-ara1.completed.txt,"# دامت على لحده سحب الرضا ديما ... ما ناحت الورق في الآصال والبكر
",,,,,
 ما دام الزمان,0911Suyuti.HusnSamt.Shamela0036951-ara1.txt,"# سألزم الصمت ما دام الزمان (كذا) (6) ... وأمنع الدهر من نطق (اللسان)
",,,,,
 ما غنت حمامة,0911Suyuti.JamicKabir.Sham19Y0127677-ara1.txt,"# مدى الدهر ما غنت حمامة أيكة ... وما طرد الليل الصباح المنورا
",,,,,
 ما دامت الريح,0916IbnFanad.MaathirAbrar.Zaydiyya0000090-ara1.txt,"# لعمري لقد أغرى القلوب ابن طاهر.... ببغضكم ما دامت الريح تنأج
",,,,,
 ما سبح الرعد,0916IbnFanad.MaathirAbrar.Zaydiyya0000090-ara1.txt,"# وصلى إلهي كل يوم وليلة.... على أحمد المختار ما سبح الرعد
",,,,,
 ما غنى الحدي,0916IbnFanad.MaathirAbrar.Zaydiyya0000090-ara1.txt,"# ودام لأحمد مني صلاة.... مدى الأيام ما غنى الحدي PageV03P026 هذه القصيدة أمر بها السيد إبراهيم المذكور إلى الناصر أيام فتحه لصعده،
",,,,,
 ما لاح برق,0916IbnFanad.MaathirAbrar.Zaydiyya0000090-ara1.txt,"# وعليك الصلاة ما لاح برق.... لا ترى يا إمام دهرك ضرا
",,,,,
 ما لاح في,0916IbnFanad.MaathirAbrar.Zaydiyya0000090-ara1.txt,"# فرحمة الله زارته مكررة.... ما لاح في الأفق نجم أو جرى قلم
",,,,,
 ما ناح الحمام,0916IbnFanad.MaathirAbrar.Zaydiyya0000090-ara1.txt,"# ألا كل ما ناح الحمام المطوق.... بكيت وقد يبكي الحزين المشوق
",,,,,
 ما هبت الريح,0916IbnFanad.MaathirAbrar.Zaydiyya0000090-ara1.txt,"# ودم لهذا الورى كهفا ومعتصما.... ما هبت الريح أو ما أورق الشجر
",,,,,
 ما هبت الصبا,0916IbnFanad.MaathirAbrar.Zaydiyya0000090-ara1.txt,"# عليك سلام الله ما هبت الصبا.... وزارك مني دائما متواليا
",,,,,
 ما هبت الصبا,0916IbnFanad.MaathirAbrar.Zaydiyya0000090-ara1.txt,"# عليك سلام الله ما هبت الصبا.... وما بات برق فوق مشهدكم يسري PageV03P073 ولنقبض عنان القلم على الجري في هذا اللقم، لأن استيفاء جميع ما خط هذا
",,,,,
 ما هبت الصبا,0916IbnFanad.MaathirAbrar.Zaydiyya0000090-ara1.txt,"# عليكم سلام الله ما هبت الصبا.... وما دام مخلوق يسبح خالقا PageV03P065 وعلى الجملة: فقد احتوى ديوان شعره -عليه السلام- على الغرر والحجول، فهي
",,,,,
 ما هبت الصبا,0916IbnFanad.MaathirAbrar.Zaydiyya0000090-ara1.txt,"# عليكم سلام الله ما هبت الصبا.... وما غردت فوق الأراك حمائمه
",,,,,
 ما ناح الحمام,0923AhmadQastallani.MawahibLaduniyya.Shamela0023685-ara1.txt,"# يهواك ما ناح الحمام بأيكة ... أو لاح برق فى الدجى «1» خفاق
",,,,,
 ما سبح الرحمن,0928MujirDinCulaymi.TarikhMuctabar.Sham19Y0127698-ara1.txt,"# صلى عليه ربنا ... ما سبح الرحمن عبد
",,,,,
 ما غنت الورق,0938IbnCaliBalawi.Thabat.Shamela0010736-ara1.completed.txt,"# (تحية الصمد الأعلى ورحمته ... ما غنت الورق في أوراق أغصان)
",,,,,
 ما هبت رياح,0947BamakhramaHimyari.QiladatNahr.Sham19Y0029560-ara1.txt,"# فالله يرحم من مضى ويمدكم ... بالعمر ms1495 ما هبت رياح شمال
",,,,,
 ما لاح في,0953IbnTulun.InbaUmara.Sham19Y0120145-ara1.txt,"# خليفة الله ساعد القدر ... علاك ما لاح في الدجى قمر
",,,,,
 ما لاح بارق,0956IbnCumarShamsDinSafiri.MajalisWacziyya.Shamela0009823-ara1.txt,"# عليك صلاة الله ما لاح بارق ... وما طاف بالبيت الحجيج وما لبى
",,,,,
 ما ناح في,0964CabdCazizMiknasi.NazmMuthallathQutrub.ShamAY0037032-ara1.txt,"# ما ناح في دوح حمام ... على الرسول العربي
",,,,,
 ما حمد الحامدون,0984BadrDinGhazzi.MatalicBadriya.Shamela0037060-ara1.txt,"# وسرت في دولة وأمن ... ما حمد الحامدون حمدا
",,,,,
 ما لاح ليل,0984BadrDinGhazzi.MatalicBadriya.Shamela0037060-ara1.txt,"# ما لاح ليل ومحا ... دجاه صبح مسفر
",,,,,
 ما لاح ليلا,0984BadrDinGhazzi.MatalicBadriya.Shamela0037060-ara1.txt,"# واسلم ودم في نعمة ... ما لاح ليلا قمر
",,,,,
 ما لاح نجم,0984BadrDinGhazzi.MatalicBadriya.Shamela0037060-ara1.txt,"# لا زال في سعد وفي نعمة ... ما لاح نجم في الدجى زاهيا
",,,,,
 ما لاح نجم,0984BadrDinGhazzi.MatalicBadriya.Shamela0037060-ara1.txt,"# ما لاح نجم مزهر ... وفاح نجم مزهر
",,,,,